date, pm25, pm10, o3, no2, so2, co
5/1/2022,76,31,19,4, , 
5/2/2022,63,24,11,4,2, 
5/3/2022,56,32,10,5, , 
5/4/2022,68,36,16,5, , 
5/5/2022,79,42,20,2, , 
5/6/2022,95,34,9,4, , 
5/7/2022,79,30,11,5, , 
5/8/2022,70,30,6,9, , 
5/9/2022,65,20,3,2, , 
5/10/2022,45,21,5,3, , 
5/11/2022,57,28,9,3, , 
5/12/2022,64,30,12,2, , 
5/13/2022,65,35,11,2, , 
5/14/2022,78,36,10,2, , 
5/15/2022,75,24,9,5, , 
5/16/2022,56,25,13,4,1, 
5/17/2022,57,25,11,4, , 
5/18/2022,58,24,2,2, , 
5/19/2022,56, , , , , 
4/1/2022,80,23,14,3, , 
4/2/2022,43,23,14,4, , 
4/3/2022,50,40,23,9, , 
4/4/2022,80,50,25,15,1, 
4/5/2022,96,56,26,15, , 
4/6/2022,115,49,18,13, , 
4/7/2022,114,65,29,16, , 
4/8/2022,153,72,36,14,1, 
4/9/2022,173,58,29,9, , 
4/10/2022,163,48,18,6, , 
4/11/2022,135,57,16,5, , 
4/12/2022,137,46,22,6, , 
4/13/2022,99,48,21,2, , 
4/14/2022,100,52,19,1, , 
4/15/2022,108,52,16,3, , 
4/16/2022,101,50,11,3, , 
4/17/2022,93,44,10,5, , 
4/18/2022,93,42,12,4, , 
4/19/2022,83,55,23,6,1, 
4/20/2022,99,57,14,3, , 
4/21/2022,89,60,10,6, , 
4/22/2022,67,54,8,3, , 
4/23/2022,56,49,8,4, , 
4/24/2022,63,57,7,3, , 
4/25/2022,59,57,7,3, , 
4/26/2022,60,46,18,7, , 
4/27/2022,72,29,11,7, , 
4/28/2022,72,29,22,5, , 
4/29/2022,60,48,19,7, , 
4/30/2022,97,31,19,5, , 
3/1/2022,105,43,13,5, , 
3/2/2022,77,38,10,6, , 
3/3/2022,75,42,14,6, , 
3/4/2022,80,45,11,5, , 
3/5/2022,84,39,9,5, , 
3/6/2022,80,35,11,4, , 
3/7/2022,71,45,17,10, , 
3/8/2022,89,70,41,17, , 
3/9/2022,147,46,14,5, , 
3/10/2022,93,48,11,4, , 
3/11/2022,86,50,14,5, , 
3/12/2022,93,49,15,4, , 
3/13/2022,93,38,11,6, , 
3/14/2022,79,30,11,7, , 
3/15/2022,59,23,8,2, , 
3/16/2022,50,23,9,1, , 
3/17/2022,54,36,8,4, , 
3/18/2022,72,36,27,4, , 
3/19/2022,85,36,5,6, , 
3/20/2022,76,27,4,5, , 
3/21/2022,56,31,2,6, , 
3/22/2022,56,58,5,5, , 
3/23/2022,74,57,4,6, , 
3/24/2022,70,60,4,4, , 
3/25/2022,66,31,6,3, , 
3/26/2022,59,26,7,3, , 
3/27/2022,55,32,10,5, , 
3/28/2022,71,30,11,5, , 
3/29/2022,64,34,18,5, , 
3/30/2022,69,42,27,9, , 
3/31/2022,84,42,14,4, , 
2/1/2022,68,31,9,4, , 
2/2/2022,58,35,10,6, , 
2/3/2022,66,37,15,11, , 
2/4/2022,73,48,17,15,1, 
2/5/2022,94,54,21,13,1, 
2/6/2022,112,62,27,18,1, 
2/7/2022,146,62,19,23,1, 
2/8/2022,144,39,20,7, , 
2/9/2022,88,37,18,8, , 
2/10/2022,77,37,17,6, , 
2/11/2022,69,43,14,10,1, 
2/12/2022,80,45,11,6, , 
2/13/2022,95,36,7,4, , 
2/14/2022,71,42,8,10, , 
2/15/2022,83,60,12,12, , 
2/16/2022,119,62,6,10, , 
2/17/2022,119,34,7,6, , 
2/18/2022,62,23,4,5, , 
2/19/2022,47,22,4,3, , 
2/20/2022,40,30,9,8, , 
2/21/2022,59,41,11,14, , 
2/22/2022,75,56,22,14,1, 
2/23/2022,105,55,18,15, , 
2/24/2022,103,61,20,13,1, 
2/25/2022,118,58,24,15,1, 
2/26/2022,122,58,24,14,1, 
2/27/2022,98,64,36,16,1, 
2/28/2022,150,53,17,8, , 
1/3/2022,82,51,18,13, , 
1/4/2022,101,59,21,21,1, 
1/5/2022,112,56,23,23,1, 
1/6/2022,113,64,20,21,1, 
1/7/2022,129,58,19,20,1, 
1/8/2022,103,56,20,19,1, 
1/9/2022,117,76,23,22,1, 
1/10/2022,117,61,21,20,1, 
1/11/2022,104,52,19,13, , 
1/12/2022,99,49,22,12, , 
1/13/2022,94,46,21,12, , 
1/14/2022,85,48,25,12, , 
1/15/2022,94,52,23,10,1, 
1/16/2022,101,58,20,19, , 
1/17/2022,120,59,18,17,1, 
1/18/2022,110,48,19,15, , 
1/19/2022,85,55,25,16, , 
1/20/2022,102,35,12,6, , 
1/21/2022,67,26,7,6, , 
1/22/2022,57,24,15,6, , 
1/23/2022,64,28,15,10, , 
1/24/2022,74,31,19,16, , 
1/25/2022,82,32,14,7, , 
1/26/2022,81,37,12,11, , 
1/27/2022,87,46,11,7, , 
1/28/2022,83,41,16,7, , 
1/29/2022,86,36,12,5, , 
1/30/2022,78,36,9,3, , 
1/31/2022,76,35,10,3, , 
10/1/2021,58,24,11,6,1, 
10/2/2021,57,36,18,7,1, 
10/3/2021,72,33,17,10,1, 
10/4/2021,73,43,19,11,2, 
10/5/2021,83,26,14,7, , 
10/6/2021,64,34,11,10,1, 
10/7/2021,69,51,20,12,1, 
10/8/2021,100,25,5,5, , 
10/9/2021,54,22,12,3, , 
10/10/2021,48,22,8,4, , 
10/11/2021,43,21,7,4, , 
10/12/2021,47,19,13,2, , 
10/13/2021,39,23,8,5, , 
10/14/2021,49,25,5,7, , 
10/15/2021,57,31,6,4, , 
10/16/2021,57,17,6,6, , 
10/17/2021,38,23,8,9, , 
10/18/2021,48,38,9,11,1, 
10/19/2021,72,45,20,11, , 
10/20/2021,87,50,21,13,1, 
10/21/2021,97,37,15,11,1, 
10/22/2021,75,29,9,5, , 
10/23/2021,58,28,17,5, , 
10/24/2021,56,30,20,6, , 
10/25/2021,64,40,26,6, , 
10/26/2021,80,46,25,8,1, 
10/27/2021,86,50,10,9,1, 
10/28/2021,92,35,17,8, , 
10/29/2021,76,45,13,10, , 
10/30/2021,90,28,9,7, , 
10/31/2021,61,31,11,6, , 
11/1/2021,62,36,8,7, , 
11/2/2021,69,35,11,7, , 
11/3/2021,66,39,13,7, , 
11/4/2021,67,34,13,9, , 
11/5/2021,71,43,12,10, , 
11/6/2021,81,31,13,7, , 
11/7/2021,72,39,7,8, , 
11/8/2021,71,35,11,7, , 
11/9/2021,61,39,18,8, , 
11/10/2021,74,52,22,7, , 
11/11/2021,88,48,20,9, , 
11/12/2021,81,45,14,9, , 
11/13/2021,84,44,17,6, , 
11/14/2021,90,45,18,8,1, 
11/15/2021,92,33,11,8, , 
11/16/2021,69,26,14,7, , 
11/17/2021,55,30,9,6, , 
11/18/2021,63,35,19,9, , 
11/19/2021,70,39,18,9, , 
11/20/2021,79,40,23,11, , 
11/21/2021,79,41,8,14, , 
11/22/2021,83,30,5,7, , 
11/23/2021,58,32,14,9, , 
11/24/2021,59,45,22,12,1, 
11/25/2021,81,50,21,12, , 
11/26/2021,89,43,20,8, , 
11/27/2021,88,51,24,7, , 
11/28/2021,96,44,20,7, , 
11/29/2021,87,50,16,9, , 
11/30/2021,94,54,16,9, , 
12/1/2021,105,55,19,8, , 
12/2/2021,105,56,24,15, , 
12/3/2021,102,56,24,12, , 
12/4/2021,103,59,24,8, , 
12/5/2021,109,58,25,11, , 
12/6/2021,111,64,13,16, , 
12/7/2021,126,61,18,14,1, 
12/8/2021,122,55,21,14, , 
12/9/2021,100,54,20,15, , 
12/10/2021,96,54,29,15, , 
12/11/2021,98,47,23,10, , 
12/12/2021,81,43,19,6, , 
12/13/2021,79,65,23,14,1, 
12/14/2021,123,63,29,16,1, 
12/15/2021,129,62,29,12, , 
12/16/2021,131,57,17,12,1, 
12/17/2021,117,48,18,6, , 
12/18/2021,90,43,21,8, , 
12/19/2021,87,61,24,12, , 
12/20/2021,128,75,27,16,1, 
12/21/2021,159,79,31,20,1, 
12/22/2021,166,74,23,24,1, 
12/23/2021,146,65,18,15, , 
12/24/2021,131,39,14,8, , 
12/25/2021,78,37,13,8, , 
12/26/2021,74,49,12,17, , 
12/27/2021,89,35,18,8, , 
12/28/2021,62,35,18,7, , 
12/29/2021,64,35,16,8, , 
12/30/2021,70,37,18,8, , 
12/31/2021,69,34,18,7, , 
1/1/2022,75,35,22,6, , 
1/2/2022,75,40,17,8, , 
7/1/2021,47,26,15,10,1, 
7/2/2021,44,25,11,5, , 
7/3/2021,47,19,14,3, , 
7/4/2021,42,25,12,3, , 
7/5/2021,41,39,9,4, , 
7/6/2021,43,40,8,4,1, 
7/7/2021,42,46,10,4,1, 
7/8/2021,51,28,6,7, , 
7/9/2021,48,20,4,6, , 
7/10/2021,47,15,6,4, , 
7/11/2021,34,17,7,5,1, 
7/12/2021,33,25,13,5, , 
7/13/2021,54,33,5,8, , 
7/14/2021,67,24,6,4, , 
7/15/2021,53,24,7,5,1, 
7/16/2021,50,23,11,4,1, 
7/17/2021,54,20,7,2,1, 
7/18/2021,43,17,7,3,1, 
7/19/2021,31,17,7,3, , 
7/20/2021,35,18,6,2,1, 
7/21/2021,36,30,6,2, , 
7/22/2021,55,25,6,4,2, 
7/23/2021,51,30,3,4,3, 
7/24/2021,56,21,4,3,7, 
7/25/2021,44,22,7,4, , 
7/26/2021,48,21,8,3,4, 
7/27/2021,40,22,5,4,6, 
7/28/2021,45,23,9,3,4, 
7/29/2021,44,26,9,4,3, 
7/30/2021,53,30,7,3,1, 
7/31/2021,61,24,7,3,5, 
8/1/2021,52,23,8,3,3, 
8/2/2021,42,20,7,3,1, 
8/3/2021,40,25,11,2,1, 
8/4/2021,52,29,10,2,3, 
8/5/2021,60,24,12,2, , 
8/6/2021,53,26,13,2,1, 
8/7/2021,54,28,15,1,1, 
8/8/2021,57,29,15,1,1, 
8/9/2021,56,29,8,2, , 
8/10/2021,56,21,4,3,1, 
8/11/2021,42,18,5,2, , 
8/12/2021,33,18,7,4,1, 
8/13/2021,37,23,4,4,1, 
8/14/2021,43,17,4,2, , 
8/15/2021,37,16,7,4, , 
8/16/2021,32,28,20,6,1, 
8/17/2021,60,26,13,2,1, 
8/18/2021,54,26,16,5,1, 
8/19/2021,49,30,14,8,1, 
8/20/2021,61,27,9,5, , 
8/21/2021,55,25,11,2, , 
8/22/2021,55,21,11,2, , 
8/23/2021,42,22,11,2, , 
8/24/2021,45,25,8,5, , 
8/25/2021,51,18,4,4,1, 
8/26/2021,36,22,2,7,1, 
8/27/2021,52,19,2,4, , 
8/28/2021,42,14,5,3, , 
8/29/2021,33,24,7,6, , 
8/30/2021,50,27,6,7,1, 
8/31/2021,61,29,8,7,1, 
9/1/2021,62,25,5,6,1, 
9/2/2021,45,20,3,4,1, 
9/3/2021,39,22,4,4,1, 
9/4/2021,45,23,1,2,1, 
9/5/2021,53,32,10,4,1, 
9/6/2021,59,29,4,11,1, 
9/7/2021,58,21,9,12,1, 
9/8/2021,53,29,5,7, , 
9/9/2021,62,19,6,7,1, 
9/10/2021,44,23,8,10, , 
9/11/2021,47,22,7,8,1, 
9/12/2021,46,23,7,1, , 
9/13/2021,45,25,12,2, , 
9/14/2021,53,23,5,4, , 
9/15/2021,50,19,6,4,1, 
9/16/2021,37,22,7,4, , 
9/17/2021,44,31,18,6, , 
9/18/2021,59,25,13,5, , 
9/19/2021,52,27,9,4, , 
9/20/2021,54,16,7,2,1, 
9/21/2021,33,9,7,4,1, 
9/22/2021,23,10,5,3, , 
9/23/2021,18,12,5,4,1, 
9/24/2021,30,11,6,2, , 
9/25/2021,19,9,6,3, , 
9/26/2021,25,18,8,6,1, 
9/27/2021,35,34,7,9,1, 
9/28/2021,66,50,22,13,1, 
9/29/2021,98,38,14,10,2, 
9/30/2021,79,28,8,4,1, 
4/1/2021,79,22,7,5, , 
4/2/2021,47,28,15,6,1, 
4/3/2021,55,30,6,7, , 
4/4/2021,59,47,6,16, , 
4/5/2021,91,46,8,15,2, 
4/6/2021,86,47,15,16,1, 
4/7/2021,89,46,17,10,1, 
4/8/2021,86,38,15,10,1, 
4/9/2021,74,49,17,11,1, 
4/10/2021,90,42,19,11, , 
4/11/2021,85,44,14,11,1, 
4/12/2021,86,34,10,6,1, 
4/13/2021,70,28,8,4,1, 
4/14/2021,61,35,22,5,1, 
4/15/2021,74,28,10,5,1, 
4/16/2021,66,27,19,6,1, 
4/17/2021,64,28,15,4,1, 
4/18/2021,61,25,13,4,1, 
4/19/2021,47,27,24,10,1, 
4/20/2021,51,30,9,10,1, 
4/21/2021,58,39,17,9,1, 
4/22/2021,83,42,15,7, , 
4/23/2021,77,43,9,8, , 
4/24/2021,75,40,13,6, , 
4/25/2021,84,39,13,11, , 
4/26/2021,79,32,12,11,1, 
4/27/2021,66,41,15,13,1, 
4/28/2021,82,30,11,9, , 
4/29/2021,62,33,16,10, , 
4/30/2021,67,32,11,10, , 
5/1/2021,70,38,19,9, , 
5/2/2021,73,35,17,15, , 
5/3/2021,69,42,22,9,1, 
5/4/2021,80,44,29,10,1, 
5/5/2021,90,35,16,12, , 
5/6/2021,69,28,15,9, , 
5/7/2021,48,42,28,9,1, 
5/8/2021,83,34,23,8, , 
5/9/2021,71,31,13,4, , 
5/10/2021,67,30,15,6, , 
5/11/2021,62,26,13,4, , 
5/12/2021,59,27,15,5, , 
5/13/2021,61,23,8,5, , 
5/14/2021,50,25,12,5, , 
5/15/2021,53,21,9,4, , 
5/16/2021,46,24,10,5,1, 
5/17/2021,56,21,9,4, , 
5/18/2021,45,27,14,6,1, 
5/19/2021,54,26,10,9, , 
5/20/2021,48,20,7,7, , 
5/21/2021,43,23,16,5, , 
5/22/2021,49,22,13,4, , 
5/23/2021,44,25,13,4, , 
5/24/2021,48,26,13,6, , 
5/25/2021,43,25,19,7,1, 
5/26/2021,56,30,17,6,1, 
5/27/2021,66,23,7,6, , 
5/28/2021,49,20,6,5,1, 
5/29/2021,45,17,7,4,1, 
5/30/2021,36,23,8,5, , 
5/31/2021,47,24,12,5, , 
6/1/2021,58,28,6,4,1, 
6/2/2021,60,23,11,4,1, 
6/3/2021,53,27,13,4,1, 
6/4/2021,55,26,10,4,1, 
6/5/2021,56,23,6,5,1, 
6/6/2021,49,21,11,4, , 
6/7/2021,45,21,14,6,2, 
6/8/2021,46,16,9,5, , 
6/9/2021,35,14,8,5,1, 
6/10/2021,29,25,9,6,2, 
6/11/2021,51,36,9,8,2, 
6/12/2021,72,33,6,6,2, 
6/13/2021,61,27,6,6,1, 
6/14/2021,51,32,5,7, , 
6/15/2021,62,26,8,5, , 
6/16/2021,46,22,15,6,1, 
6/17/2021,46,25,5,6,1, 
6/18/2021,50,25,14,3, , 
6/19/2021,50,27,13,5, , 
6/20/2021,45,44,13,4,1, 
6/21/2021,74,54,12,8, , 
6/22/2021,94,41,13,5,1, 
6/23/2021,68,25,12,3, , 
6/24/2021,46,35,13,4, , 
6/25/2021,67,28,6,4,1, 
6/26/2021,54,19,9,1, , 
6/27/2021,36,25,13,6,1, 
6/28/2021,48,32,12,7,1, 
6/29/2021,61,25,11,5, , 
6/30/2021,49,24,9,4, , 
1/4/2021,119,57,17,25,3, 
1/5/2021,108,55,20,22,1, 
1/6/2021,116,50,20,18,1, 
1/7/2021,100,44,12,9, , 
1/8/2021,87,40,18,10,1, 
1/9/2021,74,49,19,15,1, 
1/10/2021,89,51,17,14,1, 
1/11/2021,97,56,17,18,1, 
1/12/2021,96,73,24,22,2, 
1/13/2021,143,85,28,35,3, 
1/14/2021,168,91,29,28,3, 
1/15/2021,180,81,26,20,1, 
1/16/2021,167,62,23,11,2, 
1/17/2021,134,53,20,12,1, 
1/18/2021,101,67,24,25,1, 
1/19/2021,149,79,34,26,1, 
1/20/2021,169,82,27,32,1, 
1/21/2021,170,93,42,36,3, 
1/22/2021,187,83,26,22,1, 
1/23/2021,165,49,14,13,1, 
1/24/2021,105,47,13,11,1, 
1/25/2021,90,51,14,12,1, 
1/26/2021,95,55,11,15,1, 
1/27/2021,110,56,20,15,2, 
1/28/2021,110,61,20,16,1, 
1/29/2021,120,61,19,16,1, 
1/30/2021,131,67,24,16,1, 
1/31/2021,138,78,26,27,2, 
2/1/2021,159,76,24,28,1, 
2/2/2021,149,70,20,22,1, 
2/3/2021,150,68,16,23,1, 
2/4/2021,142,70,20,26,1, 
2/5/2021,141,66,23,22,2, 
2/6/2021,139,74,34,21,3, 
2/7/2021,160,59,14,8,2, 
2/8/2021,111,68,8,13,1, 
2/9/2021,114,56,21,15,1, 
2/10/2021,107,51,4,19,1, 
2/11/2021,98,65,20,25,1, 
2/12/2021,123,59,26,12,1, 
2/13/2021,121,46,18,10,1, 
2/14/2021,95,53,15,11,1, 
2/15/2021,93,46,16,10,1, 
2/16/2021,93,51,20,15,1, 
2/17/2021,107,62,16,14,1, 
2/18/2021,131,57,17,15,1, 
2/19/2021,121,61,24,17,1, 
2/20/2021,128,71,32,23,1, 
2/21/2021,154,66,20,13, , 
2/22/2021,147,60,18,13,1, 
2/23/2021,125,63,16,11,1, 
2/24/2021,129,64,28,20,1, 
2/25/2021,141,65,9,16,1, 
2/26/2021,143,61,6,11,1, 
2/27/2021,142,65,8,7,2, 
2/28/2021,126,46,10,10,2, 
3/1/2021,83,32,8,8,1, 
3/2/2021,67,27,7,6,2, 
3/3/2021,58,37,13,10,1, 
3/4/2021,74,35,14,6, , 
3/5/2021,71,39,13,5,1, 
3/6/2021,80,39,13,3,1, 
3/7/2021,77,42,13,9,1, 
3/8/2021,86,46,12,12,1, 
3/9/2021,89,52,15,16,1, 
3/10/2021,105,61,15,16,1, 
3/11/2021,120,56,16,14,5, 
3/12/2021,104,48,16,11,1, 
3/13/2021,94,45,14,7, , 
3/14/2021,88,43,12,8, , 
3/15/2021,86,51,12,7, , 
3/16/2021,93,54,11,7, , 
3/17/2021,104,59,15,10, , 
3/18/2021,121,54,16,7, , 
3/19/2021,104,55,14,5,1, 
3/20/2021,103,42,11,4, , 
3/21/2021,84,60,8,13, , 
3/22/2021,117,60,23,17, , 
3/23/2021,119,68,30,17, , 
3/24/2021,140,63,23,9,1, 
3/25/2021,119,39,15,5, , 
3/26/2021,73,34,9,4, , 
3/27/2021,62,35,12,4,1, 
3/28/2021,71,34,12,4,1, 
3/29/2021,70,39,14,6,1, 
3/30/2021,75,44,17,7, , 
3/31/2021,93,36,13,7, , 
10/1/2020,56,21,7,12, , 
10/2/2020,48,25,12,14, , 
10/3/2020,57,18,11,12, , 
10/4/2020,43,23,10,9, , 
10/5/2020,58,26,12,12, , 
10/6/2020,68,28,12,9, , 
10/7/2020,67,20,5,10, , 
10/8/2020,57,20,4,18, , 
10/9/2020,53,26,2,16, , 
10/10/2020,52,27,6,16, , 
10/11/2020,58,42,12,20, , 
10/12/2020,77,31,3,16, , 
10/13/2020,69,32,11,16, , 
10/14/2020,63,55,11,12,1, 
10/15/2020,79,26,11,13, , 
10/16/2020,49,20,4,15, , 
10/17/2020,46,19,5,7, , 
10/18/2020,42,34,4,7, , 
10/19/2020,71,41,8,7, , 
10/20/2020,67,31,9,12, , 
10/21/2020,65,28,6,9,1, 
10/22/2020,75,38,16,8, , 
10/23/2020,83,59,22,12,1, 
10/24/2020,99,64,29,25,1, 
10/25/2020,128,59,22,25,1, 
10/26/2020,116,42,11,21,1, 
10/27/2020,82,46,16,20, , 
10/28/2020,94,33,3,15, , 
10/29/2020,76,25,2,12, , 
10/30/2020,57,29,8,14, , 
10/31/2020,58,32,7,12, , 
11/1/2020,56,42,15,12, , 
11/2/2020,77,38,13,9, , 
11/3/2020,79,42,18,13, , 
11/4/2020,94,39,23,14,1, 
11/5/2020,85,49,20,18,2, 
11/6/2020,94,34,16,10, , 
11/7/2020,74,49,21,11, , 
11/8/2020,103,49,22,14, , 
11/9/2020,102,53,23,18,1, 
11/10/2020,108,52,19,15,1, 
11/11/2020,101,42,12,15, , 
11/12/2020,87,53,21,15, , 
11/13/2020,106,62,31,16,1, 
11/14/2020,120,65,34,16,1, 
11/15/2020,138,37,23,13,1, 
11/16/2020,77,47,18,20,1, 
11/17/2020,89,50,15,23,1, 
11/18/2020,100,57,20,21,1, 
11/19/2020,119,53,12,21, , 
11/20/2020,107,43,5,17, , 
11/21/2020,80,35,11,19, , 
11/22/2020,77,49,7,21,1, 
11/23/2020,92,36,11,15, , 
11/24/2020,72,39,12,14, , 
11/25/2020,73,37,14,15, , 
11/26/2020,67,30,12,15, , 
11/27/2020,59,40,20,10, , 
11/28/2020,71,35,24,11, , 
11/29/2020,71,27,21,9, , 
11/30/2020,60,37,17,12,1, 
12/1/2020,66,33,18,10,1, 
12/2/2020,67,32,18,9,1, 
12/3/2020,68,39,20,10,1, 
12/4/2020,80,42,21,11, , 
12/5/2020,83,51,23,16,1, 
12/6/2020,91,56,20,20,1, 
12/7/2020,109,54,22,17,1, 
12/8/2020,104,53,22,16,1, 
12/9/2020,103,64,25,22,2, 
12/10/2020,132,71,28,15,2, 
12/11/2020,148,65,22,17,1, 
12/12/2020,140,70,16,23,2, 
12/13/2020,143,71,15,25,1, 
12/14/2020,161,76,7,24,3, 
12/15/2020,149,51,10,15,2, 
12/16/2020,107,44,13,16,2, 
12/17/2020,83,50,24,25,1, 
12/18/2020,93,43,20,17,1, 
12/19/2020,79,42,21,15,1, 
12/20/2020,81,47,19,25,1, 
12/21/2020,88,60,20,26,2, 
12/22/2020,116,64,19,28,2, 
12/23/2020,128,63,19,31,2, 
12/24/2020,138,57,9,25,2, 
12/25/2020,120,55,14,28,2, 
12/26/2020,106,51,20,18,1, 
12/27/2020,101,42,15,17,1, 
12/28/2020,81,55,16,24,1, 
12/29/2020,105,51,11,18,2, 
12/30/2020,98,38,19,5,1, 
12/31/2020,76,42,24,8,1, 
1/1/2021,82,46,25,11,1, 
1/2/2021,93,58,26,14,2, 
1/3/2021,130,56,21,17,2, 
7/1/2020,46,21,3,5, , 
7/2/2020,46,22,5,6, , 
7/3/2020,55,29,8,5, , 
7/4/2020,60,23,7,3, , 
7/5/2020,55,23,10,3, , 
7/6/2020,50,23,14,3, , 
7/7/2020,53,19,6,5,1, 
7/8/2020,47,23,12,5,2, 
7/9/2020,50,22,5,6,2, 
7/10/2020,53,26,7,7,1, 
7/11/2020,50,24,13,7,2, 
7/12/2020,50,27,9,9,1, 
7/13/2020,42,24,6,8,1, 
7/14/2020,53,27,8,8,2, 
7/15/2020,57,25,94,7,1, 
7/16/2020,51,26,13,6,2, 
7/17/2020,53,26,15,7,1, 
7/18/2020,65,18,6,4,2, 
7/19/2020,42,29,2,10,2, 
7/20/2020,61,28,3,16,1, 
7/21/2020,60,26,8,12,2, 
7/22/2020,63,21,5,7,1, 
7/23/2020,56,25,3,11,2, 
7/24/2020,58,26,8,10,1, 
7/25/2020,59,22,7,5,1, 
7/26/2020,51,15,6,4,2, 
7/27/2020,40,18,7,5,1, 
7/28/2020,44,23,12,7,2, 
7/29/2020,49,20,10,5,2, 
7/30/2020,48,18,8,5,2, 
7/31/2020,43,17,6,4,1, 
8/1/2020,41,14,5,4,2, 
8/2/2020,32,17,5,4,1, 
8/3/2020,37,19,5,4, , 
8/4/2020,44,21,8,5, , 
8/5/2020,48,27,7,7,1, 
8/6/2020,57,28,5,8, , 
8/7/2020,57,25,4,6, , 
8/8/2020,49,19,5,6, , 
8/9/2020,42,18,5,5, , 
8/10/2020,42,25,5,6, , 
8/11/2020,45,17,4,4, , 
8/12/2020,41,21,4,6, , 
8/13/2020,51,25,5,8, , 
8/14/2020,56,31,4,7, , 
8/15/2020,61,28,8,5, , 
8/16/2020,57,32,8,7, , 
8/17/2020,63,40,13,6,1, 
8/18/2020,73,32,8,7, , 
8/19/2020,65,38,5,7, , 
8/20/2020,76,29,7,6, , 
8/21/2020,60,23,17,5, , 
8/22/2020,55,23,7,6, , 
8/23/2020,52,27,8,6, , 
8/24/2020,58,28,11,8, , 
8/25/2020,57,26,10,5, , 
8/26/2020,53,26,5,4, , 
8/27/2020,51,28,4,5, , 
8/28/2020,60,27,16,8, , 
8/29/2020,62,31,13,8, , 
8/30/2020,68,23,7,5, , 
8/31/2020,52,24,11,9, , 
9/1/2020,52,36,9,10, , 
9/2/2020,71,29,6,8, , 
9/3/2020,63,26,7,7, , 
9/4/2020,60,24,6,6, , 
9/5/2020,54,17,12,2, , 
9/6/2020,44,16,7,3, , 
9/7/2020,40,22,9,4, , 
9/8/2020,50,29,3,5, , 
9/9/2020,67,26,16,7, , 
9/10/2020,57,19,8,6, , 
9/11/2020,41,20,3,7, , 
9/12/2020,42,18,2,6, , 
9/13/2020,44,17,7,6,1, 
9/14/2020,39,24,12,10, , 
9/15/2020,47,26,16,11, , 
9/16/2020,52,28,14,10, , 
9/17/2020,50,24,5,9, , 
9/18/2020,50,16,5,4, , 
9/19/2020,39,16,4,3, , 
9/20/2020,26,31,11,4, , 
9/21/2020,55,39,12,9, , 
9/22/2020,62,42,15,13, , 
9/23/2020,77,21,9,3, , 
9/24/2020,37,32,13,4, , 
9/25/2020,46,33,6,6, , 
9/26/2020,83,20,8,7, , 
9/27/2020,49,27,6,7, , 
9/28/2020,49,18,7,8, , 
9/29/2020,38,25,11,11,1, 
9/30/2020,57,26,6,9,1, 
4/1/2020,73,31,1,2,4, 
4/2/2020,62,27,5,3, , 
4/3/2020,54,27,4,2, , 
4/4/2020,62,28,8,2, , 
4/5/2020,63,28,6,2, , 
4/6/2020,61,39,9,4,10, 
4/7/2020,74,37,6,6, , 
4/8/2020,70,30,9,4, , 
4/9/2020,61,29,13,4, , 
4/10/2020,69,30,9,5, , 
4/11/2020,73,19,9,2, , 
4/12/2020,68,40,12,12, , 
4/13/2020,89,50,23,7, , 
4/14/2020,110,44,21,7, , 
4/15/2020,90,27,12,4, , 
4/16/2020,69,23,11,3,8, 
4/17/2020,56,23,14,4, , 
4/18/2020,53,26,11,6, , 
4/19/2020,57,23,11,4, , 
4/20/2020,60,22,10,3,6, 
4/21/2020,53,31,14,5, , 
4/22/2020,68,34,18,4, , 
4/23/2020,70,31,18,8, , 
4/24/2020,72,34,10,8, , 
4/25/2020,75,47,29,13, , 
4/26/2020,90,52,20,13, , 
4/27/2020,114,46,33,7, , 
4/28/2020,97,51,23,9, , 
4/29/2020,108,40,18,7, , 
4/30/2020,87,30,16,4, , 
5/1/2020,62,33,12,2, , 
5/2/2020,60,27,10,1, , 
5/3/2020,58,30,15,3, , 
5/4/2020,68,32,16,5, , 
5/5/2020,70,28,11,3, , 
5/6/2020,65,24,10,2, , 
5/7/2020,56,25,5,3, , 
5/8/2020,52,17,7,3, , 
5/9/2020,37,16,8,4, , 
5/10/2020,34,25,5,4, , 
5/11/2020,49,37,22,7, , 
5/12/2020,76,23,11,3, , 
5/13/2020,57,25,12,3, , 
5/14/2020,54,22,9,3, , 
5/15/2020,53,24,9,2, , 
5/16/2020,58,23,9,3, , 
5/17/2020,57,25,10,4, , 
5/18/2020,55,20,9,4, , 
5/19/2020,49,24,9,3, , 
5/20/2020,56,28,10,3, , 
5/21/2020,61,40,17,5, , 
5/22/2020,85,47,11,5, , 
5/23/2020,85,46,9,5, , 
5/24/2020,87,39,6,7, , 
5/25/2020,91,39,10,8, , 
5/26/2020,92,24,10,7, , 
5/27/2020,53,23,12,6, , 
5/28/2020,50,26,15,7, , 
5/29/2020,54,18,10,6, , 
5/30/2020,42,18,8,4, , 
5/31/2020,47,23,11,4, , 
6/1/2020,48,18,9,3, , 
6/2/2020,43,20,8,5, , 
6/3/2020,48,24,9,7, , 
6/4/2020,53,22,4,7, , 
6/5/2020,48,20,8,5, , 
6/6/2020,39,17,7,4, , 
6/7/2020,32,16,6,4, , 
6/8/2020,34,21,4,5, , 
6/9/2020,45,18,5,5, , 
6/10/2020,40,23,12,6, , 
6/11/2020,54,22,13,7, , 
6/12/2020,46,21,16,5, , 
6/13/2020,47,21,13,4, , 
6/14/2020,52,18,5,5, , 
6/15/2020,42,17,6,5, , 
6/16/2020,42,21,4,7, , 
6/17/2020,49,25,8,9, , 
6/18/2020,61,23,6,7, , 
6/19/2020,59,23,13,6, , 
6/20/2020,52,22,15,5, , 
6/21/2020,52,26,8,8, , 
6/22/2020,60,25,16,9, , 
6/23/2020,60,26,15,7, , 
6/24/2020,61,25,12,7, , 
6/25/2020,54,20,7,6, , 
6/26/2020,48,22,12,8, , 
6/27/2020,54,19,11,6, , 
6/28/2020,50,21,11,5, , 
6/29/2020,48,20,9,7, , 
6/30/2020,48,21,8,5, , 
1/1/2020,74,46,11,15,1, 
1/2/2020,93,52,12,18,1, 
1/3/2020,102,56,16,18, , 
1/4/2020,121,61,15,17, , 
1/5/2020,130,66,14,27,1, 
1/6/2020,135,69,15,22,1, 
1/7/2020,139,71,13,22,1, 
1/8/2020,149,70,18,21,1, 
1/9/2020,140,93,13,30,2, 
1/10/2020,180,64,16,14,1, 
1/11/2020,138,56,15,10,2, 
1/12/2020,120,56,12,12, , 
1/13/2020,116,56,11,12, , 
1/14/2020,112,61,13,15, , 
1/15/2020,122,67,15,13, , 
1/16/2020,127,70,19,15, , 
1/17/2020,143,74,12,11,1, 
1/18/2020,162,72,18,11, , 
1/19/2020,159,76,17,16, , 
1/20/2020,163,67,16,14, , 
1/21/2020,147,63,12,16, , 
1/22/2020,124,58,9,10, , 
1/23/2020,115,48,7,8, , 
1/24/2020,84,39,10,5, , 
1/25/2020,69,33,7,7, , 
1/26/2020,62,40,10,10,1, 
1/27/2020,81,47,13,12,1, 
1/28/2020,101,49,20,16, , 
1/29/2020,104,56,21,15,1, 
1/30/2020,110,68,19,13, , 
1/31/2020,138,88,27,17, , 
2/1/2020,161,85,25,14,1, 
2/2/2020,162,80,22,13, , 
2/3/2020,159,71,17,10,1, 
2/4/2020,145,58,17,10, , 
2/5/2020,109,48,14,8, , 
2/6/2020,91,59,18,13, , 
2/7/2020,108,59,22,11,1, 
2/8/2020,118,72,16,14, , 
2/9/2020,138,75,19,13, , 
2/10/2020,138,71,22,15,1, 
2/11/2020,154,58,13,9,1, 
2/12/2020,126,32,7,5, , 
2/13/2020,58,29,6,5, , 
2/14/2020,55,37,10,8, , 
2/15/2020,75,26,8,7, , 
2/16/2020,58,38,13,10, , 
2/17/2020,73,62,15,11,1, 
2/18/2020,118,81,21,17,1, 
2/19/2020,149,86,18,19,1, 
2/20/2020,167,79,18,14, , 
2/21/2020,154,82,17,13,1, 
2/22/2020,150,80,21,14,1, 
2/23/2020,151,87,21,19,1, 
2/24/2020,166,89,25,13,1, 
2/25/2020,164,73,20,10,1, 
2/26/2020,145,75,11,17,1, 
2/27/2020,140,50,13,9, , 
2/28/2020,104,49,12,9, , 
2/29/2020,96,51,13,6, , 
3/1/2020,91,47,12,6, , 
3/2/2020,91,33,9,4, , 
3/3/2020,66,29,4,5,1, 
3/4/2020,56,31,5,6, , 
3/5/2020,63,30,5,5, , 
3/6/2020,61,32,4,6, , 
3/7/2020,63,39,12,4, , 
3/8/2020,75,56,24,10, , 
3/9/2020,119,49,14,9, , 
3/10/2020,107,54,14,10,1, 
3/11/2020,111,44,8,6, , 
3/12/2020,94,37,6,5, , 
3/13/2020,80,35,7,5, , 
3/14/2020,72,37,5,9, , 
3/15/2020,81,57,12,15, , 
3/16/2020,109,46,13,4, , 
3/17/2020,79,44,9,5, , 
3/18/2020,84,40,11,5, , 
3/19/2020,75,36,11,5, , 
3/20/2020,75,35,13,5, , 
3/21/2020,79,29,13,5, , 
3/22/2020,69,30,12,7,1, 
3/23/2020,65,28,9,6, , 
3/24/2020,61,31,9,4, , 
3/25/2020,70,25,8,4, , 
3/26/2020,59,27,7,4, , 
3/27/2020,59,37,11,4, , 
3/28/2020,81,30,10,3, , 
3/29/2020,72, , , , , 
10/1/2019,106,37,17,13,1, 
10/2/2019,85,36,12,12,2, 
10/3/2019,78,45,6,17,1, 
10/4/2019,93,45,8,10,1, 
10/5/2019,90,33,10,15,2, 
10/6/2019,82,29,10,13,1, 
10/7/2019,72,34,11,17, , 
10/8/2019,72,26,9,18,1, 
10/9/2019,83,34,15,20,1, 
10/10/2019,101,41,14,20,2, 
10/11/2019,96,37,14,19,2, 
10/12/2019,88,23,5,11,2, 
10/13/2019,79,19,9,11,4, 
10/14/2019,65,31,9,12,2, 
10/15/2019,73,42,6,17,3, 
10/16/2019,73,46,10,19,1, 
10/17/2019,75,44,17,22,2, 
10/18/2019,75,46,18,17,2, 
10/19/2019,83,46,15,15,1, 
10/20/2019,82,50,23,15,1, 
10/21/2019,92,69,27,22,1, 
10/22/2019,148,46,19,8,1, 
10/23/2019,94,36,12,8,1, 
10/24/2019,80,42,18,12,1, 
10/25/2019,84,44,16,13,2, 
10/26/2019,90,32,15,10,3, 
10/27/2019,68,34,18,12,1, 
10/28/2019,73,37,13,15,1, 
10/29/2019,79,40,19,13,1, 
10/30/2019,78,48,21,15,1, 
10/31/2019,86,30,12,11,1, 
11/1/2019,62,36,8,14,1, 
11/2/2019,75,39,14,11,1, 
11/3/2019,85,41,22,14,2, 
11/4/2019,81,58,24,18, , 
11/5/2019,110,59,19,19,1, 
11/6/2019,122,61,15,18,1, 
11/7/2019,127,61,22,14,2, 
11/8/2019,120,60,22,12,1, 
11/9/2019,132,61,21,17, , 
11/10/2019,128,69,25,27,1, 
11/11/2019,131,62,13,24,1, 
11/12/2019,137,54,13,16,1, 
11/13/2019,113,41,6,15,1, 
11/14/2019,81,46,16,15,1, 
11/15/2019,88,54,20,18,1, 
11/16/2019,109,56,27,16,1, 
11/17/2019,113,55,15,20,3, 
11/18/2019,99,51,16,16, , 
11/19/2019,88,40,13,12, , 
11/20/2019,78,41,18,13,1, 
11/21/2019,85,44,16,17,1, 
11/22/2019,87,51,18,23,2, 
11/23/2019,107,49,20,20,2, 
11/24/2019,99,55,15,21,1, 
11/25/2019,111,46,15,19,2, 
11/26/2019,90,47,10,18,1, 
11/27/2019,87,38,10,10,3, 
11/28/2019,72,35,17,12,1, 
11/29/2019,74,36,8,16,1, 
11/30/2019,73,39,14,15,2, 
12/1/2019,79,36,11,12,1, 
12/2/2019,66,44,15,12,2, 
12/3/2019,84,51,20,9,1, 
12/4/2019,104,51,24,7,2, 
12/5/2019,107,60,23,15,2, 
12/6/2019,119,58,21,14,4, 
12/7/2019,103,68,23,21,4, 
12/8/2019,134,64,17,16,3, 
12/9/2019,129,68,22,23,1, 
12/10/2019,137,74,18,32,1, 
12/11/2019,149,67,16,27,1, 
12/12/2019,138,68,16,20,1, 
12/13/2019,142,63,13,17,1, 
12/14/2019,128,67,3,20,1, 
12/15/2019,123,61,14,21,1, 
12/16/2019,113,59,12,24,1, 
12/17/2019,115,60,14,21,1, 
12/18/2019,116,59,16,20,1, 
12/19/2019,117,57,13,18,1, 
12/20/2019,114,57,15,18,1, 
12/21/2019,113,50,13,16,2, 
12/22/2019,99,50,14,16,1, 
12/23/2019,97,52,15,13,1, 
12/24/2019,103,54,15,16,1, 
12/25/2019,108,51,14,15,1, 
12/26/2019,102,57,14,15,1, 
12/27/2019,119,57,15,14,1, 
12/28/2019,115,59,17,15,1, 
12/29/2019,127, , , , , 
7/1/2019,66,43,5,9,1, 
7/2/2019,76,43,3,10,1, 
7/3/2019,71,63,3,9,1, 
7/4/2019,69,33,4,10,1, 
7/5/2019,66,43,1,9,1, 
7/6/2019,74,37,3,7, , 
7/7/2019,61,35,7,8,1, 
7/8/2019,62,35,8,8,3, 
7/9/2019,67,43,9,8,1, 
7/10/2019,71,59,10,7,2, 
7/11/2019,81,39,11,5,1, 
7/12/2019,66,34,10,6,1, 
7/13/2019,61,26,4,4,1, 
7/14/2019,49,24,5,6,1, 
7/15/2019,50,22,12,6,1, 
7/16/2019,43,24,10,7,1, 
7/17/2019,51,22,13,7,1, 
7/18/2019,53,24,11,7,1, 
7/19/2019,54,27,13,9,1, 
7/20/2019,61,17,6,7,1, 
7/21/2019,54,27,5,10,1, 
7/22/2019,67,28,3,8,1, 
7/23/2019,66,39,2,8,1, 
7/24/2019,65,27,3,8,1, 
7/25/2019,87,34,15,9,1, 
7/26/2019,65,28,10,10,1, 
7/27/2019,50,33,11,7,1, 
7/28/2019,55,20,6,6,1, 
7/29/2019,39,25,7,7,1, 
7/30/2019,57,27,8,5,1, 
7/31/2019,57,25,6,6, , 
8/1/2019,49,24,7,8,1, 
8/2/2019,49,23,5,7,1, 
8/3/2019,51,18,6,7,1, 
8/4/2019,45,22,6,8,1, 
8/5/2019,47,24,7,8,1, 
8/6/2019,54,25,6,8, , 
8/7/2019,54,23,4,7,1, 
8/8/2019,60,25,6,8,1, 
8/9/2019,64,18,5,6,1, 
8/10/2019,48,18,6,4,1, 
8/11/2019,42,18,7,4,1, 
8/12/2019,46,24,5,7,1, 
8/13/2019,56,33,7,8,1, 
8/14/2019,67,32,10,6,1, 
8/15/2019,67,32,9,7,1, 
8/16/2019,70,22,5,6,1, 
8/17/2019,47,20,8,5,1, 
8/18/2019,41,27,10,8,1, 
8/19/2019,52,26,5,8,1, 
8/20/2019,55,23,8,9, , 
8/21/2019,43,25,5,7,1, 
8/22/2019,50,25,2,8, , 
8/23/2019,52,24,6,8,1, 
8/24/2019,46,20,7,5,1, 
8/25/2019,40,18,4,7,1, 
8/26/2019,34,24,5,8, , 
8/27/2019,46,22,8,8,1, 
8/28/2019,41,21,6,9,1, 
8/29/2019,46,25,3,9,1, 
8/30/2019,46,21,6,7,1, 
8/31/2019,47,18,4,6,1, 
9/1/2019,37,25,4,8,1, 
9/2/2019,51,23,2,9, , 
9/3/2019,53,26,3,9,1, 
9/4/2019,52,27,3,9,1, 
9/5/2019,58,28,7,9,1, 
9/6/2019,66,31,3,8,3, 
9/7/2019,60,26,6,7,4, 
9/8/2019,57,29,5,8,2, 
9/9/2019,57,26,3,8,1, 
9/10/2019,55,30,9,12,2, 
9/11/2019,59,29,4,10,3, 
9/12/2019,56,20,5,7,3, 
9/13/2019,42,24,5,10,1, 
9/14/2019,55,31,9,11,4, 
9/15/2019,63,28,7,14,2, 
9/16/2019,65,35,12,13,3, 
9/17/2019,76,31,13,17,2, 
9/18/2019,66,33,11,19,3, 
9/19/2019,74,33,15,14,3, 
9/20/2019,77,26,4,8,5, 
9/21/2019,58,33,10,6,3, 
9/22/2019,78,25,7,4,2, 
9/23/2019,62,41,16,7,1, 
9/24/2019,89,59,18,13,1, 
9/25/2019,116,59,20,22,1, 
9/26/2019,110,49,16,19,1, 
9/27/2019,102,62,24,20,2, 
9/28/2019,131,66,32,20,1, 
9/29/2019,141,77,30,18,2, 
9/30/2019,171,48,14,11,1, 
4/1/2019,79,39,16,11, , 
4/2/2019,77,36,9,10, , 
4/3/2019,78,37,9,10, , 
4/4/2019,71,27,9,6, , 
4/5/2019,63,35,14,7,1, 
4/6/2019,77,28,11,4,1, 
4/7/2019,64,35,19,7, , 
4/8/2019,75,27,11,3, , 
4/9/2019,62,31,11,5, , 
4/10/2019,67,32,8,5, , 
4/11/2019,67,32,11,6, , 
4/12/2019,69,28,11,5, , 
4/13/2019,67,24,9,4, , 
4/14/2019,59,20,7,4, , 
4/15/2019,58,21,9,4, , 
4/16/2019,59,29,6,5,1, 
4/17/2019,68,32,11,4, , 
4/18/2019,70,33,9,5, , 
4/19/2019,73,48,23,8,1, 
4/20/2019,99,55,11,5,1, 
4/21/2019,105,34,10,5,1, 
4/22/2019,76,39,20,11,1, 
4/23/2019,75,37,22,9,1, 
4/24/2019,75,39,22,9, , 
4/25/2019,82,46,17,13, , 
4/26/2019,94,49,9,10, , 
4/27/2019,97,26,8,6, , 
4/28/2019,69,24,10,7, , 
4/29/2019,59,27,8,6, , 
4/30/2019,56,28,14,11, , 
5/1/2019,51,25,13,11, , 
5/2/2019,52,28,14,9,2, 
5/3/2019,61,25,12,6,1, 
5/4/2019,56,31,6,5, , 
5/5/2019,50,47,16,5, , 
5/6/2019,79,60,15,10, , 
5/7/2019,98,61,16,11, , 
5/8/2019,107,61,16,8,1, 
5/9/2019,106,55,17,12, , 
5/10/2019,97,54,17,9, , 
5/11/2019,98,55,15,10, , 
5/12/2019,104,39,12,14,1, 
5/13/2019,80,43,8,13, , 
5/14/2019,89,55,13,9,1, 
5/15/2019,109,51,10,10, , 
5/16/2019,98,49,11,11,1, 
5/17/2019,88,58,13,10,1, 
5/18/2019,95,53,15,6, , 
5/19/2019,84,42,15,5, , 
5/20/2019,85,43,11,8,1, 
5/21/2019,82,38,10,12, , 
5/22/2019,72,34,8,11,1, 
5/23/2019,68,35,13,9, , 
5/24/2019,71,40,11,8,1, 
5/25/2019,75,32,11,6,1, 
5/26/2019,66,38,5,9,1, 
5/27/2019,79,41,4,7,1, 
5/28/2019,76,23,7,9,1, 
5/29/2019,50,24,3,10,1, 
5/30/2019,51,30,8,9,1, 
5/31/2019,61,28,10,8,1, 
6/1/2019,55,26,7,7, , 
6/2/2019,56,33,9,8, , 
6/3/2019,64,30,19,9,1, 
6/4/2019,62,45,6,8, , 
6/5/2019,59,36,8,16, , 
6/6/2019,71,36,11,16,1, 
6/7/2019,75,37,12,9,1, 
6/8/2019,68,28,8,7, , 
6/9/2019,57,25,7,6, , 
6/10/2019,48,25,3,10,1,10
6/11/2019,58,23,6,5,1, 
6/12/2019,49,23,7,5, , 
6/13/2019,51,24,9,4,1, 
6/14/2019,49,27,12,5,1, 
6/15/2019,53,30,6,7, , 
6/16/2019,58,31,5,6, , 
6/17/2019,48,21,5,6, , 
6/18/2019,44,20,6,6,1, 
6/19/2019,44,34,2,10, , 
6/20/2019,63,37,2,6, , 
6/21/2019,68,32,1,3, , 
6/22/2019,64,29,1,3, , 
6/23/2019,66,25,3,4, , 
6/24/2019,60,26,3,9, , 
6/25/2019,53,24,8,7, , 
6/26/2019,63,27,4,9,1, 
6/27/2019,62,31,6,7, , 
6/28/2019,63,25,7,6, , 
6/29/2019,51,21,7,6, , 
6/30/2019,52,32,6,10,1, 
1/1/2019,81,40,22,18, , 
1/2/2019,88,48,13,20, , 
1/3/2019,90,55,13,24,1, 
1/4/2019,103,62,4,24,1, 
1/5/2019,117,76,20,20,1, 
1/6/2019,159,74,21,19, , 
1/7/2019,160,47,11,11, , 
1/8/2019,90,49,10,20, , 
1/9/2019,92,59,22,23,1, 
1/10/2019,121,85,22,30,1, 
1/11/2019,172,73,23,22,1, 
1/12/2019,153,76,23,22,1, 
1/13/2019,152,78,23,19,1, 
1/14/2019,162,67,17,21,1, 
1/15/2019,146,63,20,20,1, 
1/16/2019,124,67,22,18, , 
1/17/2019,136,58,20,16,1, 
1/18/2019,112,70,29,20,1, 
1/19/2019,143,62,32,26,1, 
1/20/2019,124,74,29,30,1, 
1/21/2019,158,65,23,19, , 
1/22/2019,132,64,27,22, , 
1/23/2019,134,60,26,24, , 
1/24/2019,136,79,33,30,1, 
1/25/2019,163,73,28,24,1, 
1/26/2019,146,62,27,17, , 
1/27/2019,135,73,34,28, , 
1/28/2019,157,82,31,38, , 
1/29/2019,165,94,34,38,1, 
1/30/2019,177,79,24,21, , 
1/31/2019,167,61,23,14, , 
2/1/2019,128,57,25,12, , 
2/2/2019,115,44,17,9, , 
2/3/2019,94,50,20,10,1, 
2/4/2019,99,48,19,9, , 
2/5/2019,95,38,11,7, , 
2/6/2019,77,41,15,8,1, 
2/7/2019,87,43,17,9,1, 
2/8/2019,86,36,11,8, , 
2/9/2019,73,40,14,6, , 
2/10/2019,80,41,13,8, , 
2/11/2019,87,50,19,19, , 
2/12/2019,101,72,34,16, , 
2/13/2019,143,50,16,7, , 
2/14/2019,90,50,16,8, , 
2/15/2019,92,43,15,6,1, 
2/16/2019,82,36,14,5, , 
2/17/2019,69,31,12,6,1, 
2/18/2019,66,26,11,6, , 
2/19/2019,56,26,12,7,1, 
2/20/2019,60,34,15,8,1, 
2/21/2019,74,31,9,7, , 
2/22/2019,63,37,15,7, , 
2/23/2019,77,38,14,5, , 
2/24/2019,75,38,15,5, , 
2/25/2019,77,38,17,6,1, 
2/26/2019,79,50,19,8, , 
2/27/2019,96,52,19,7, , 
2/28/2019,104,50,14,7, , 
3/1/2019,95,52,15,6, , 
3/2/2019,100,47,18,4,1, 
3/3/2019,93,40,14,5,1, 
3/4/2019,80,46,15,7,1, 
3/5/2019,98,46,15,9,1, 
3/6/2019,100,29,9,6, , 
3/7/2019,69,33,12,8, , 
3/8/2019,76,31,12,6, , 
3/9/2019,71,31,13,6,1, 
3/10/2019,69,39,25,7, , 
3/11/2019,75,51,35,12, , 
3/12/2019,116,42,14,8, , 
3/13/2019,83,34,12,6, , 
3/14/2019,72,31,12,6, , 
3/15/2019,64,47,8,13, , 
3/16/2019,101,47,16,11,1, 
3/17/2019,102,51,13,11, , 
3/18/2019,109,45,12,7, , 
3/19/2019,93,41,9,6, , 
3/20/2019,90,36,6,8, , 
3/21/2019,79,47,8,9,1, 
3/22/2019,104,53,3,11, , 
3/23/2019,111,44,4,5, , 
3/24/2019,96,34,2,8, , 
3/25/2019,83,38,5,10, , 
3/26/2019,77,36,4,6, , 
3/27/2019,74,41,7,8, , 
3/28/2019,78,40,3,7, , 
3/29/2019,80,38,4,7, , 
3/30/2019,81,39,3,7, , 
3/31/2019,86,38,13,8, , 
10/1/2018,61,41,6,17,1, 
10/2/2018,76,60,23,19, , 
10/3/2018,113,58,28,15, , 
10/4/2018,110,27,17,10,1, 
10/5/2018,62,35,15,14,1, 
10/6/2018,75,38,18,14,1, 
10/7/2018,83,45,14,18,1, 
10/8/2018,94,40,15,18,1, 
10/9/2018,87,50,17,18,1, 
10/10/2018,101,50,19,16,1, 
10/11/2018,93,36,19,11, , 
10/12/2018,69,46,16,18,1, 
10/13/2018,101,41,23,15,1, 
10/14/2018,90,32,16,13,1, 
10/15/2018,73,29,10,11,1, 
10/16/2018,62,33,11,13,1, 
10/17/2018,70,40,12,20,1, 
10/18/2018,78,53,20,25,1, 
10/19/2018,97,45,5,18, , 
10/20/2018,82,20,5,11, , 
10/21/2018,47,31,10,14,1, 
10/22/2018,61,33,10,15, , 
10/23/2018,71,39,12,17,1, 
10/24/2018,79,54,10,20,1, 
10/25/2018,101,45,14,17,1, 
10/26/2018,81,43,14,16,1, 
10/27/2018,86,34,17,12,1, 
10/28/2018,67,48,21,16,1, 
10/29/2018,88,48,22,12, , 
10/30/2018,87,57,27,11, , 
10/31/2018,93,61,29,18,1, 
11/1/2018,111,72,27,28,1, 
11/2/2018,128,77,29,25,2, 
11/3/2018,138,73,32,20,1, 
11/4/2018,139,73,30,22,1, 
11/5/2018,137,66,21,20,1, 
11/6/2018,121,56,15,18,1, 
11/7/2018,95,41,10,11,1, 
11/8/2018,73,37,4,12,1, 
11/9/2018,74,42,8,12,1, 
11/10/2018,81,40,14,14,1, 
11/11/2018,81,61,20,24,1, 
11/12/2018,116,72,14,26,2, 
11/13/2018,140,67,15,23,1, 
11/14/2018,126,68,20,22,2, 
11/15/2018,133,46,14,14,1, 
11/16/2018,88,45,13,17,1, 
11/17/2018,82,56,14,22,1, 
11/18/2018,107,64,15,22,1, 
11/19/2018,118,52,18,22,1, 
11/20/2018,91,59,21,20,1, 
11/21/2018,111,61,16,23,1, 
11/22/2018,113,52,19,17,1, 
11/23/2018,95,53,23,20,1, 
11/24/2018,89,61,23,23,1, 
11/25/2018,113,58,29,21,1, 
11/26/2018,113,52,18,14,1, 
11/27/2018,101,41,15,14,1, 
11/28/2018,80,56,18,20,3, 
11/29/2018,105,67,17,24,2, 
11/30/2018,129,66,17,23,1, 
12/1/2018,129,65,19,19,1, 
12/2/2018,124,57,19,19,1, 
12/3/2018,108,64,19,22,1, 
12/4/2018,122,56,17,15,1, 
12/5/2018,106,55,17,15,1, 
12/6/2018,98,65,16,20,1, 
12/7/2018,123,37,3,12,1, 
12/8/2018,79,47,11,11,1, 
12/9/2018,92,56,15,19,1, 
12/10/2018,97,58,15,21,1, 
12/11/2018,108,45,9,16,1, 
12/12/2018,84,48,15,17,1, 
12/13/2018,83,57,17,22,1, 
12/14/2018,95,58,15,21,1, 
12/15/2018,101,50,17,18,1, 
12/16/2018,91,46,22,17,1, 
12/17/2018,87,55,21,18,1, 
12/18/2018,98,69,25,23,1, 
12/19/2018,137,88,31,33,2, 
12/20/2018,167,87,34,29,2, 
12/21/2018,169,75,30,21,1, 
12/22/2018,143,72,21,16,1, 
12/23/2018,142,66,22,18,1, 
12/24/2018,124,74,19,27,2, 
12/25/2018,141,84,24,31,2, 
12/26/2018,160,83,23,31,2, 
12/27/2018,156,81,28,24,1, 
12/28/2018,162,38,17,10, , 
12/29/2018,97,37,17,12,1, 
12/30/2018,81, , , , , 
7/1/2018,54,22,8,9, , 
7/2/2018,47,29,10,11, , 
7/3/2018,58,21,9,8, , 
7/4/2018,52,24,11,10, , 
7/5/2018,52,27,9,10, , 
7/6/2018,59,34,10,11, , 
7/7/2018,67,51,9,10, , 
7/8/2018,77,42,10,9, , 
7/9/2018,69,42,9,12, , 
7/10/2018,78,28,8,10, , 
7/11/2018,56,25,10,11, , 
7/12/2018,59,25,11,9, , 
7/13/2018,59,34,10,11,1, 
7/14/2018,73,34,9,9, , 
7/15/2018,67,37,9,9, , 
7/16/2018,69,36,5,11, , 
7/17/2018,68,24,10,9, , 
7/18/2018,49,28,8,8,1, 
7/19/2018,52,35,6,7,2, 
7/20/2018,58,39,8,9, , 
7/21/2018,64,35,8,8, , 
7/22/2018,64,43,8,10, , 
7/23/2018,71,44,8,10, , 
7/24/2018,79,46,6,8, , 
7/25/2018,76,41,6,9, , 
7/26/2018,69,42,8,7, , 
7/27/2018,72,34,8,6, , 
7/28/2018,63,35,5,7, , 
7/29/2018,68,36,4,8, , 
7/30/2018,67,39,8,10, , 
7/31/2018,70,35,11,9, , 
8/1/2018,69,37,9,10, , 
8/2/2018,68,35,11,9, , 
8/3/2018,66,32,11,8, , 
8/4/2018,57,30,11,7, , 
8/5/2018,57,29,6,10, , 
8/6/2018,62,41,5,10, , 
8/7/2018,70,44,9,11,2, 
8/8/2018,77,40,9,10, , 
8/9/2018,67,31,13,9, , 
8/10/2018,64,25,8,7, , 
8/11/2018,52,22,9,6, , 
8/12/2018,48,31,6,4, , 
8/13/2018,59,31,9,6, , 
8/14/2018,56,28,7,7, , 
8/15/2018,54,30,8,8, , 
8/16/2018,59,23,8,8, , 
8/17/2018,52,20,9,6, , 
8/18/2018,38,19,10,5, , 
8/19/2018,39,28,7,6, , 
8/20/2018,54,49,9,8,1, 
8/21/2018,76,42,11,9, , 
8/22/2018,74,44,10,8, , 
8/23/2018,76,32,8,9, , 
8/24/2018,64,24,6,8, , 
8/25/2018,56,23,5,6, , 
8/26/2018,54,25,7,7, , 
8/27/2018,54,35,10,8, , 
8/28/2018,68,41,8,7,1, 
8/29/2018,77,24,7,6, , 
8/30/2018,50,27,8,7, , 
8/31/2018,54,29,13,8, , 
9/1/2018,63,32,10,7, , 
9/2/2018,59,25,14,9, , 
9/3/2018,55,20,9,8, , 
9/4/2018,47,28,11,9, , 
9/5/2018,56,35,9,9, , 
9/6/2018,62,41,14,10, , 
9/7/2018,75,41,10,11, , 
9/8/2018,80,46,14,16, , 
9/9/2018,98,49,23,16, , 
9/10/2018,100,35,12,10, , 
9/11/2018,63,40,7,10, , 
9/12/2018,71,39,9,9, , 
9/13/2018,68,31,5,9, , 
9/14/2018,62,29,22,10, , 
9/15/2018,57,30,19,12, , 
9/16/2018,59,30,13,11, , 
9/17/2018,57,21,15,8, , 
9/18/2018,49,27,4,10, , 
9/19/2018,59,43,20,14, , 
9/20/2018,80,53,17,17, , 
9/21/2018,89,39,20,14, , 
9/22/2018,82,31,12,13,1, 
9/23/2018,73,41,3,14, , 
9/24/2018,76,39,15,12, , 
9/25/2018,69,27,15,10,1, 
9/26/2018,57,27,12,11, , 
9/27/2018,50,37,16,16,1, 
9/28/2018,66,45,22,15, , 
9/29/2018,89,24,20,12, , 
9/30/2018,57,27,13,13, , 
4/1/2018,124,58,16,17, , 
4/2/2018,123,55,30,17, , 
4/3/2018,120,47,14,10, , 
4/4/2018,91,55,16,11, , 
4/5/2018,97,60,28,13, , 
4/6/2018,123,30,15,9, , 
4/7/2018,65,45,25,14, , 
4/8/2018,83,69,28,22,1, 
4/9/2018,121,73,39,24,2, 
4/10/2018,141,48,23,9,1, 
4/11/2018,90,36,16,6, , 
4/12/2018,67,31,14,5,1, 
4/13/2018,66,30,14,4, , 
4/14/2018,68,29,14,5,1, 
4/15/2018,66,36,27,8,1, 
4/16/2018,81,28,11,11, , 
4/17/2018,62,44,37,16,1, 
4/18/2018,87,33,22,10,1, 
4/19/2018,73,33,13,7,1, 
4/20/2018,67,34,15,7,1, 
4/21/2018,72,29,13,5,1, 
4/22/2018,63,42,28,9,1, 
4/23/2018,83,36,14,7,1, 
4/24/2018,75,45,14,10,1, 
4/25/2018,84,38,10,11,1, 
4/26/2018,74,36,22,16,1, 
4/27/2018,74,27,4,17,1, 
4/28/2018,64,36,16,12,1, 
4/29/2018,76,28,3,11,1, 
4/30/2018,63,19,12,9,1, 
5/1/2018,47,25,10,10, , 
5/2/2018,46,36,12,14,1, 
5/3/2018,64,36,19,14,2, 
5/4/2018,69,27,14,11,1, 
5/5/2018,56,25,9,9, , 
5/6/2018,54,31,18,12, , 
5/7/2018,64,38,27,15, , 
5/8/2018,67,34,11,13, , 
5/9/2018,62,30,18,11, , 
5/10/2018,58,33,9,19, , 
5/11/2018,65,46,18,19, , 
5/12/2018,88,37,18,15, , 
5/13/2018,77,34,18,18, , 
5/14/2018,68,44,16,21,1, 
5/15/2018,83,29,13,12, , 
5/16/2018,61,24,11,10, , 
5/17/2018,56,32,8,14, , 
5/18/2018,62,29,15,16, , 
5/19/2018,66,40,24,17, , 
5/20/2018,83,39,8,19, , 
5/21/2018,75,40,8,20, , 
5/22/2018,79,38,23,21, , 
5/23/2018,73,26,8,14, , 
5/24/2018,49,26,12,14, , 
5/25/2018,54,28,7,15,1, 
5/26/2018,58,27,17,11, , 
5/27/2018,62,38,19,18, , 
5/28/2018,75,23,9,9, , 
5/29/2018,50,26,9,11, , 
5/30/2018,54,39,12,17, , 
5/31/2018,72,32,10,13,2, 
6/1/2018,63,30,14,13,1, 
6/2/2018,60,26,15,9,1, 
6/3/2018,52,24,17,10,1, 
6/4/2018,52,24,13,10,2, 
6/5/2018,47,29,14,11,1, 
6/6/2018,60,25,8,10,1, 
6/7/2018,54,22,8,9,2, 
6/8/2018,48,23,5,8,2, 
6/9/2018,52,25,5,6,2, 
6/10/2018,48,26,5,6,3, 
6/11/2018,48,24,7,6,1, 
6/12/2018,43,26,7,6, , 
6/13/2018,47,27,8,8, , 
6/14/2018,52,29,8,8, , 
6/15/2018,60,32,7,10,1, 
6/16/2018,62,30,15,8, , 
6/17/2018,60,35,14,11,4, 
6/18/2018,71,40,15,10, , 
6/19/2018,78,27,12,8, , 
6/20/2018,57,31,9,8,1, 
6/21/2018,60,49,17,11,1, 
6/22/2018,75,54,14,8,1, 
6/23/2018,76,42,13,8, , 
6/24/2018,67,25,11,11,1, 
6/25/2018,51,30,5,10,1, 
6/26/2018,62,32,2,11,1, 
6/27/2018,64,31,10,13, , 
6/28/2018,65,38,20,14,1, 
6/29/2018,72,28,10,9,1, 
6/30/2018,57,23,16,10, , 
1/1/2018,94,43,25,13, , 
1/2/2018,103,56,21,19,1, 
1/3/2018,129,63,27,20,1, 
1/4/2018,132,70,34,26,1, 
1/5/2018,145,66,28,23,2, 
1/6/2018,136,29,11,10, , 
1/7/2018,70,27,9,11,2, 
1/8/2018,61,34,14,15, , 
1/9/2018,72,23,8,12, , 
1/10/2018,66,58,11,18, , 
1/11/2018,107,59,18,19,1, 
1/12/2018,122,65,19,21, , 
1/13/2018,136,65,23,20,1, 
1/14/2018,134,75,22,23,1, 
1/15/2018,153,82,28,31,2, 
1/16/2018,160,96,35,32,2, 
1/17/2018,174,78,25,25,2, 
1/18/2018,148,77,23,26,1, 
1/19/2018,140,74,21,22,2, 
1/20/2018,143,89,25,32,2, 
1/21/2018,167,93,23,31,2, 
1/22/2018,183,79,19,28,2, 
1/23/2018,166,75,9,23,1, 
1/24/2018,172,49,8,14,2, 
1/25/2018,101,33,11,12, , 
1/26/2018,76,28,7,9,1, 
1/27/2018,73,29,6,9, , 
1/28/2018,70,32,9,10, , 
1/29/2018,75,31,10,9, , 
1/30/2018,77,31,7,11, , 
1/31/2018,82,52,24,13, , 
2/1/2018,114,64,23,15, , 
2/2/2018,148,70,15,18, , 
2/3/2018,145,73,29,17, , 
2/4/2018,160,74,29,18,1, 
2/5/2018,163,69,30,15,1, 
2/6/2018,153,88,38,26,1, 
2/7/2018,173,85,34,23,2, 
2/8/2018,170,67,22,15,3, 
2/9/2018,143,62,23,13,4, 
2/10/2018,138,63,20,16,5, 
2/11/2018,141,71,26,14,4, 
2/12/2018,153,66,30,16,3, 
2/13/2018,145,89,40,37,5, 
2/14/2018,170,75,31,19,6, 
2/15/2018,156,63,17,14,4, 
2/16/2018,141,60,14,13, , 
2/17/2018,137,55,16,7,1, 
2/18/2018,124,51,9,10,1, 
2/19/2018,110,26,7,7,1, 
2/20/2018,61,34,9,8,1, 
2/21/2018,76,43,13,8,3, 
2/22/2018,86,44,14,15,3, 
2/23/2018,101,58,20,19,3, 
2/24/2018,122,58,17,20,4, 
2/25/2018,112,57,23,16,6, 
2/26/2018,131,49,13,15,6, 
2/27/2018,99,60,22,19,7, 
2/28/2018,120,45,15,9,8, 
3/1/2018,87,41,11,8,9, 
3/2/2018,83,29,10,7,11, 
3/3/2018,64,27,11,7,13, 
3/4/2018,61,28,12,8,15, 
3/5/2018,55,29,14,9,19, 
3/6/2018,62,31,9,8,23, 
3/7/2018,65,44,13,12,31, 
3/8/2018,87,42,7,12,51, 
3/9/2018,96,65,17,20,42, 
3/10/2018,127,75,31,21,38, 
3/11/2018,156,89,29,26,64, 
3/12/2018,167,58,20,12,22, 
3/13/2018,124,48,13,9, , 
3/14/2018,95,42,13,9, , 
3/15/2018,89,42,10,9, , 
3/16/2018,88,30,12,7, , 
3/17/2018,74,24,11,6, , 
3/18/2018,68,26,10,7, , 
3/19/2018,66,37,19,9, , 
3/20/2018,83,41,14,12, , 
3/21/2018,86,48,19,15, , 
3/22/2018,112,60,24,14, , 
3/23/2018,138,67,26,18, , 
3/24/2018,143,58,19,12, , 
3/25/2018,124,56,15,10, , 
3/26/2018,101,58,18,17, , 
3/27/2018,123,51,13,9, , 
3/28/2018,101,46,12,9, , 
3/29/2018,91,54,13,9, , 
3/30/2018,95,52,9,13, , 
3/31/2018,102,60,11,17, , 
10/1/2017,108,34,3,16, , 
10/2/2017,85,32,5,15, , 
10/3/2017,78,30,6,11,1, 
10/4/2017,71,31,7,12,1, 
10/5/2017,73,40,7,12,1, 
10/6/2017,76, , , , , 
10/8/2017,85,31,16,13, , 
10/9/2017,70,42,12,19,1, 
10/10/2017,89,35,7,14,1, 
10/11/2017,79,53,11,24,1, 
10/12/2017,116,62,9,22,1, 
10/13/2017,140,37,12,16, , 
10/14/2017,88,31,10,9,1, 
10/15/2017,71,28,10,11,1, 
10/16/2017,62,35,9,12,1, 
10/17/2017,68,35,5,17,1, 
10/18/2017,81,32,7,13,1, 
10/19/2017,79,26,11,11, , 
10/20/2017,69,48,10,16,1, 
10/21/2017,110,33,16,14, , 
10/22/2017,98,22,16,10, , 
10/23/2017,66,23,14,15, , 
10/24/2017,70,35,17,17,1, 
10/25/2017,86,45,21,19,1, 
10/26/2017,107,50,21,25,1, 
10/27/2017,130,51,23,14,1, 
10/28/2017,119,57,22,11, , 
10/29/2017,149,59,25,11,1, 
10/30/2017,139,58,28,15, , 
10/31/2017,133,61,21,18,1, 
11/1/2017,147,58,24,19,1, 
11/2/2017,118,59,27,19, , 
11/3/2017,116,67,28,19,1, 
11/4/2017,135,53,22,9,1, 
11/5/2017,95,63,20,17,1, 
11/6/2017,132,52,24,14,1, 
11/7/2017,115,52,17,20,1, 
11/8/2017,113,44,18,18,1, 
11/9/2017,94,44,14,16,1, 
11/10/2017,94,35,6,13,1, 
11/11/2017,76,37,18,13,1, 
11/12/2017,87,47,18,17,2, 
11/13/2017,100,48,18,21,2, 
11/14/2017,115,43,17,21,1, 
11/15/2017,115,34,8,15,1, 
11/16/2017,80,52,10,21,1, 
11/17/2017,105,66,17,24,1, 
11/18/2017,139,49,13,19,1, 
11/19/2017,115,29,8,15,1, 
11/20/2017,77,27,11,12,1, 
11/21/2017,72,34,15,16,1, 
11/22/2017,88,28,17,15,1, 
11/23/2017,69,33,20,14, , 
11/24/2017,78,47,23,21,1, 
11/25/2017,95,46,24,18,1, 
11/26/2017,97,43,19,20,1, 
11/27/2017,93,46,18,18,1, 
11/28/2017,105,37,20,17,1, 
11/29/2017,95,39,19,20,1, 
11/30/2017,96,45,18,18,1, 
12/1/2017,103,45,23,20,1, 
12/2/2017,101,39,23,20,1, 
12/3/2017,93,39,24,17,1, 
12/4/2017,88,34,16,12,1, 
12/5/2017,84,48,24,17,1, 
12/6/2017,106,52,25,18,1, 
12/7/2017,118,54,23,18,1, 
12/8/2017,114,40,26,13,1, 
12/9/2017,95,62,35,24,2, 
12/10/2017,142,76,32,31,2, 
12/11/2017,164,58,19,18,2, 
12/12/2017,125,50,17,19,1, 
12/13/2017,107,48,14,19,2, 
12/14/2017,108,59,20,21,2, 
12/15/2017,124,50,21,14,1, 
12/16/2017,113,26,22,7,1, 
12/17/2017,67,50,26,11,1, 
12/18/2017,108,63,25,15,1, 
12/19/2017,129,71,25,20,2, 
12/20/2017,140,70,25,21,2, 
12/21/2017,151,72,27,21,2, 
12/22/2017,157,75,36,24,2, 
12/23/2017,161,70,31,19,2, 
12/24/2017,142,50,20,18,1, 
12/25/2017,102,69,14,19,1, 
12/26/2017,160,45,9,17,1, 
12/27/2017,144,30,12,13, , 
12/28/2017,96,33,21,12, , 
12/29/2017,84,33,23,14,1, 
12/30/2017,87,34,18,13, , 
12/31/2017,82,35,22,12, , 
7/1/2017,66,32,9,8,1, 
7/2/2017,68,29,9,9, , 
7/3/2017,64,32,5,8,1, 
7/4/2017,66,32,7,9,1, 
7/5/2017,64,29,11,9,2, 
7/6/2017,66,19,7,7,1, 
7/7/2017,48,24,7,9,1, 
7/8/2017,65,22,13,6,1, 
7/9/2017,57,28,12,11,1, 
7/10/2017,65,29,11,8,1, 
7/11/2017,74,24,8,10,1, 
7/12/2017,71,20,6,8,1, 
7/13/2017,62,25,8,9,1, 
7/14/2017,68,27,14,10,1, 
7/15/2017,74,21,11,7,1, 
7/16/2017,65,23,8,8, , 
7/17/2017,66,29,10,8,1, 
7/18/2017,71,24,5,8,1, 
7/19/2017,67,25,7,9,1, 
7/20/2017,71,27,13,9,1, 
7/21/2017,70,23,14,8, , 
7/22/2017,62,24,13,7,1, 
7/23/2017,65,25,10,7, , 
7/24/2017,70,24,7,7,1, 
7/25/2017,63,21,5,6, , 
7/26/2017,63,24,10,9,1, 
7/27/2017,70,23,13,8, , 
7/28/2017,63,32,10,10,1, 
7/29/2017,74,40,15,7, , 
7/30/2017,81,46,15,7,1, 
7/31/2017,80,51,17,8,1, 
8/1/2017,90,40,14,9,1, 
8/2/2017,78,39,5,10,1, 
8/3/2017,85,34,7,8,1, 
8/4/2017,70,29,6,7,1, 
8/5/2017,69,30,6,8,1, 
8/6/2017,69,26,7,9,1, 
8/7/2017,70,27,7,10,1, 
8/8/2017,67,28,12,10,1, 
8/9/2017,69,28,13,10,1, 
8/10/2017,70,26,9,8,1, 
8/11/2017,58,19,19,7,1, 
8/12/2017,54,19,22,7, , 
8/13/2017,54,27,20,9, , 
8/14/2017,60,22,9,8, , 
8/15/2017,55,24,6,9,1, 
8/16/2017,62,19,4,8, , 
8/17/2017,56,31,13,11,1, 
8/18/2017,72,39,11,8, , 
8/19/2017,59,20,7,6, , 
8/20/2017,45,16,13,6,1, 
8/21/2017,53,23,16,5,2, 
8/22/2017,62,27,16,6,2, 
8/23/2017,63,23,10,8,3, 
8/24/2017,68,19,10,8,2, 
8/25/2017,58,25,9,9,1, 
8/26/2017,65,22,9,7,24, 
8/27/2017,55,26,13,8, , 
8/28/2017,65,38,4,13,1, 
8/29/2017,81,40,14,9,1, 
8/30/2017,78,28,15,10,1, 
8/31/2017,72,30,19,8,1, 
9/1/2017,69,32,9,8,1, 
9/2/2017,66,24,9,6,1, 
9/3/2017,57,22,13,7, , 
9/4/2017,55,23,7,8,1, 
9/5/2017,53,13,1,6,1, 
9/6/2017,56, , , , , 
9/9/2017,76,31,4,16,1, 
9/10/2017,116,43,6,16,1, 
9/11/2017,120,43,7,26,1, 
9/12/2017,113,43,6,26, , 
9/13/2017,108,35,18,12, , 
9/14/2017,77,30,17,12, , 
9/15/2017,69,23,6,9, , 
9/16/2017,57,16,4,7, , 
9/17/2017,44,25,9,9, , 
9/18/2017,58,29,12,10,1, 
9/19/2017,68,38,7,15,1, 
9/20/2017,76,49,30,18,1, 
9/21/2017,113,36,10,20,1, 
9/22/2017,82,35,9,18,1, 
9/23/2017,83,31,13,13, , 
9/24/2017,82,26,10,10, , 
9/25/2017,58,21,8,9,1, 
9/26/2017,51,28,19,15,1, 
9/27/2017,71,25,15,11, , 
9/28/2017,66,30,13,13,1, 
9/29/2017,77,44,15,19,19, 
9/30/2017,98,44,7,19,1, 
4/1/2017,81,34,19,11, , 
4/2/2017,92,52,26,21,1, 
4/3/2017,129,57,23,21,1, 
4/4/2017,140,58,21,25,1, 
4/5/2017,129,44,19,15,1, 
4/6/2017,107,29,13,13,2, 
4/7/2017,71,23,13,8,3, 
4/8/2017,56,17,10,6,5, 
4/9/2017,58,17,9,6,4, 
4/10/2017,56,17,7,6,3, 
4/11/2017,47,12,8,5,4, 
4/12/2017,38,13,12,6, , 
4/13/2017,50,21,18,7, , 
4/14/2017,67,20,16,6, , 
4/15/2017,66,23,13,5, , 
4/16/2017,62,28,14,7, , 
4/17/2017,75,24,14,8, , 
4/18/2017,59,18,16,6, , 
4/19/2017,55,31,20,9,1, 
4/20/2017,71,50,30,12,1, 
4/21/2017,96,65,40,12,1, 
4/22/2017,131,63,28,8, , 
4/23/2017,131,61,27,9, , 
4/24/2017,117,54,24,9,1, 
4/25/2017,102,54,22,12,3, 
4/26/2017,99,51,21,11,3, 
4/27/2017,98,50,13,12,1, 
4/28/2017,97,44,23,14,2, 
4/29/2017,102,45,21,12,3, 
4/30/2017,101,23,12,6,3, 
5/1/2017,61,27,12,9,3, 
5/2/2017,63,29,12,7,3, 
5/3/2017,71,33,11,7,3, 
5/4/2017,74,30,19,17,2, 
5/5/2017,73,51,30,25,3, 
5/6/2017,111,22,28,9,3, 
5/7/2017,71,29,15,14,2, 
5/8/2017,75,31,16,13, , 
5/9/2017,69,32,14,15, , 
5/10/2017,85,32,16,13, , 
5/11/2017,80,32,5,16, , 
5/12/2017,78,34,5,15, , 
5/13/2017,83,24,9,10, , 
5/14/2017,64,22,9,10, , 
5/15/2017,52,23,10,12,1, 
5/16/2017,62,20,5,10, , 
5/17/2017,53,30,13,9, , 
5/18/2017,62,40,10,13, , 
5/19/2017,85,49,23,14,1, 
5/20/2017,92,39,17,8,1, 
5/21/2017,77,44,16,10,1, 
5/22/2017,81,42,11,9, , 
5/23/2017,78,34,13,13, , 
5/24/2017,71,26,28,16,2, 
5/25/2017,70,30,9,15, , 
5/26/2017,69,32,10,20, , 
5/27/2017,82,25,10,12, , 
5/28/2017,67,26,7,10, , 
5/29/2017,67,28,5,11, , 
5/30/2017,72,30,11,13, , 
5/31/2017,77,30,8,10,1, 
6/1/2017,69,29,13,10, , 
6/2/2017,65,19,9,7, , 
6/3/2017,46,17,7,9, , 
6/4/2017,52,22,8,9, , 
6/5/2017,56,21,11,10, , 
6/6/2017,51,25,8,12, , 
6/7/2017,56,27,9,13,2, 
6/8/2017,56,29,6,8, , 
6/9/2017,55,35,8,8, , 
6/10/2017,62,49,10,10,1, 
6/11/2017,77,48,13,10,1, 
6/12/2017,85,41,21,11,1, 
6/13/2017,75,31,12,9,1, 
6/14/2017,60,57,11,10,1, 
6/15/2017,88,54,12,10, , 
6/16/2017,85,45,12,9, , 
6/17/2017,78,31,14,7, , 
6/18/2017,63,33,12,10,1, 
6/19/2017,68,33,15,12, , 
6/20/2017,73,39,12,10,1, 
6/21/2017,72,30,11,10, , 
6/22/2017,68,23,13,9, , 
6/23/2017,58,25,12,8, , 
6/24/2017,59,18,12,9, , 
6/25/2017,59,24,9,9, , 
6/26/2017,63,25,14,10, , 
6/27/2017,65,25,18,9, , 
6/28/2017,60,35,14,11, , 
6/29/2017,70,32,4,10,1, 
6/30/2017,68,31,6,9, , 
1/2/2017,85,36,12,12,1, 
1/3/2017,104,40,11,12,1, 
1/4/2017,109,58,13,15,1, 
1/5/2017,126,52,9,13,1, 
1/6/2017,120,55,12,15,1, 
1/7/2017,130,52,3,14,1, 
1/8/2017,138,41,3,13,1, 
1/9/2017,115,49,3,18,1, 
1/10/2017,153,29,7,11,1, 
1/11/2017,88,27,6,9,1, 
1/12/2017,74,38,17,14,1, 
1/13/2017,87,52,26,16,1, 
1/14/2017,114,62,28,14,1, 
1/15/2017,141,47,25,13,1, 
1/16/2017,113,40,13,15,1, 
1/17/2017,100,48,14,16,1, 
1/18/2017,109,53,22,18,1, 
1/19/2017,124,49,17,13, , 
1/20/2017,106,47,20,9, , 
1/21/2017,102,40,19,8, , 
1/22/2017,92,46,23,9, , 
1/23/2017,102,57,26,15,1, 
1/24/2017,121,63,26,19,1, 
1/25/2017,139,46,19,15,1, 
1/26/2017,104,48,22,14, , 
1/27/2017,107,53,28,13,1, 
1/28/2017,116,64,32,21,2, 
1/29/2017,143,62,24,19,1, 
1/30/2017,138,59,19,20,1, 
1/31/2017,133,59,22,19, , 
2/1/2017,131,61,21,15,1, 
2/2/2017,137,28,9,12, , 
2/3/2017,74,47,26,19,1, 
2/4/2017,105,61,33,21,1, 
2/5/2017,139,71,37,28,2, 
2/6/2017,156,58,31,16,1, 
2/7/2017,134,44,28,13,1, 
2/8/2017,105,58,29,20,2, 
2/9/2017,134,59,25,15,1, 
2/10/2017,132,62,25,10,1, 
2/11/2017,137,54,28,9, , 
2/12/2017,132,61,25,11, , 
2/13/2017,151,69,24,17,1, 
2/14/2017,161,67,20,18,1, 
2/15/2017,149,66,27,22,1, 
2/16/2017,144,67,27,22,1, 
2/17/2017,140,73,27,24,3, 
2/18/2017,154,80,42,25,1, 
2/19/2017,168,63,24,12,1, 
2/20/2017,145,51,23,10,1, 
2/21/2017,128,36,13,7,1, 
2/22/2017,93,26,11,7, , 
2/23/2017,72,24,8,7, , 
2/24/2017,60,26,10,7,1, 
2/25/2017,65,35,10,10,1, 
2/26/2017,82,52,20,15, , 
2/27/2017,109,71,23,19, , 
2/28/2017,157,69,25,20,1, 
3/1/2017,156,71,18,21,1, 
3/2/2017,157,77,28,25,2, 
3/3/2017,162,60,19,10,1, 
3/4/2017,140,51,16,7,1, 
3/5/2017,113,47,25,10,1, 
3/6/2017,110,42,11,9,1, 
3/7/2017,93,41,11,8,1, 
3/8/2017,98,41,12,9, , 
3/9/2017,95,32,9,8,1, 
3/10/2017,78,35,11,8,1, 
3/11/2017,80,38,13,8, , 
3/12/2017,82,48,25,14, , 
3/13/2017,106,38,10,10, , 
3/14/2017,88,37,10,11,1, 
3/15/2017,82,36,10,9, , 
3/16/2017,83,36,10,11, , 
3/17/2017,87,24,8,7, , 
3/18/2017,67,21,8,6, , 
3/19/2017,60,20,6,6, , 
3/20/2017,62,36,22,9,1, 
3/21/2017,85,38,18,8, , 
3/22/2017,85,25,9,6, , 
3/23/2017,68,23,8,6, , 
3/24/2017,66,32,13,9,1, 
3/25/2017,76,34,13,8, , 
3/26/2017,81,32,7,13, , 
3/27/2017,91,43,25,14, , 
3/28/2017,106,40,16,16,1, 
3/29/2017,100,37,17,11,3, 
3/30/2017,88,19,10,7, , 
3/31/2017,67,29,15,15, , 
10/1/2016,50,22,8,11, , 
10/2/2016,73,26,12,12,1, 
10/3/2016,60,27,12,13, , 
10/4/2016,66,31,8,19, , 
10/5/2016,83,30,6,12, , 
10/6/2016,87,24,9,9, , 
10/7/2016,69,22,9,9, , 
10/8/2016,65,23,10,12, , 
10/9/2016,69,26,12,11, , 
10/10/2016,67,39,13,16,1, 
10/11/2016,87,45,14,16, , 
10/12/2016,97,55,21,18,1, 
10/13/2016,121,50,21,14, , 
10/14/2016,115,45,19,15, , 
10/15/2016,100,32,4,14, , 
10/16/2016,82,41,7,18, , 
10/17/2016,95,66,22,20,1, 
10/18/2016,161,44,14,15, , 
10/19/2016,96,27,12,12, , 
10/20/2016,66,27,11,11, , 
10/21/2016,74,26,11,11,1, 
10/22/2016,74,27,16,9, , 
10/23/2016,80,40,20,8,1, 
10/24/2016,98,38,12,15, , 
10/25/2016,97,36,8,11, , 
10/26/2016,83,31,8,9,1, 
10/27/2016,70,41,14,12, , 
10/28/2016,83,36,6,12, , 
10/29/2016,77,27,10,7, , 
10/30/2016,76,29,9,8, , 
10/31/2016,62,34,9,8, , 
11/1/2016,68,25,14,7, , 
11/2/2016,66,37,11,16, , 
11/3/2016,89,51,21,21,1, 
11/4/2016,110,68,25,19, , 
11/5/2016,141,75,21,20,1, 
11/6/2016,160,76,11,21, , 
11/7/2016,166,35,10,12, , 
11/8/2016,96,37,9,12, , 
11/9/2016,109,36,11,13, , 
11/10/2016,90,35,16,14, , 
11/11/2016,79,45,15,18, , 
11/12/2016,77,32,12,11, , 
11/13/2016,68,46,15,16, , 
11/14/2016,89,43,14,16, , 
11/15/2016,71,36,15,15, , 
11/16/2016,73,46,15,16, , 
11/17/2016,92,52,16,17,1, 
11/18/2016,94,46,13,15, , 
11/19/2016,126,49,18,14, , 
11/20/2016,113,64,15,19,1, 
11/21/2016,142,58,21,13,1, 
11/22/2016,134,62,22,13,1, 
11/23/2016,132,35,11,14, , 
11/24/2016,95,42,9,19, , 
11/25/2016,103,36,15,13, , 
11/26/2016,93,22,15,9, , 
11/27/2016,63,26,12,10, , 
11/28/2016,71,41,17,14,1, 
11/29/2016,100,51,21,19,1, 
11/30/2016,116,43,20,16, , 
12/1/2016,87,47,20,15, , 
12/2/2016,95,47,19,16,1, 
12/3/2016,105,44,16,15,1, 
12/4/2016,97,42,15,14, , 
12/5/2016,109,41,12,13,1, 
12/6/2016,113,63,16,16, , 
12/7/2016,145,68,11,28,1, 
12/8/2016,151,66,23,23,1, 
12/9/2016,144,69,20,20,1, 
12/10/2016,148,78,21,21,1, 
12/11/2016,174,72,17,17,1, 
12/12/2016,164,69,13,24,1, 
12/13/2016,160,66,11,20,1, 
12/14/2016,153,33,10,11, , 
12/15/2016,85,34,9,15,1, 
12/16/2016,85,47,21,20,1, 
12/17/2016,114,57,23,21,1, 
12/18/2016,139,61,23,23,2, 
12/19/2016,143,60,18,23,2, 
12/20/2016,148,63,15,30,2, 
12/21/2016,159,43,10,15,1, 
12/22/2016,107,40,11,12, , 
12/23/2016,90,49,14,19,1, 
12/24/2016,104,60,22,26,1, 
12/25/2016,138,57,18,21,1, 
12/26/2016,154,41,15,13, , 
12/27/2016,98,39,18,11,1, 
12/28/2016,92,60,17,18,1, 
12/29/2016,136,57,19,15, , 
12/30/2016,135,50,21,11, , 
12/31/2016,116, , , , , 
7/30/2016,61,19,17,15,8,6
7/31/2016,68,24,25,13,7,6
8/1/2016,60,20,26,14,2,6
8/2/2016,68,25,21,14,7,6
8/3/2016,70,26,23,16,2,6
8/4/2016,66,24,22,17,3,5
8/5/2016,79,35,21,20,4,6
8/6/2016,72,25,28,18,2,6
8/7/2016,68,16,3,19,1,5
8/8/2016,59, , , , , 
8/9/2016,74,25,20,14,2,6
8/10/2016,92,35,22,17,4,7
8/11/2016,75,37,16,13,5,6
8/12/2016,63,24,17,12,2,4
8/13/2016,65,25,16,13,3,4
8/14/2016,68,28,15,11,2,5
8/15/2016,68,29,12,15,2,6
8/16/2016,68,29,18,14,2,6
8/17/2016,75,40,21,13,3,5
8/18/2016,85,45,17,19,4,6
8/19/2016,81,42,15,18,2,6
8/20/2016,73,37,20,12,3,6
8/21/2016,79,43,30,15,3,6
8/22/2016,72,34,20,14,2,7
8/23/2016,74,34,22,16,2,10
8/24/2016,78,21,25,16,2,8
8/25/2016,81,25,29,19,3,11
8/26/2016,74,22,29,17,3,10
8/27/2016,63,19,21,11,2,7
8/28/2016,66,19,27,19,2,4
8/29/2016,57,23,14,12,1,2
8/30/2016,53,25,7,7, , 
8/31/2016,57,32,8,6,1, 
9/1/2016,63,36,8,8,1, 
9/2/2016,62,29,9,8,2, 
9/3/2016,49,17,17,7, , 
9/4/2016,49,16,13,7,1, 
9/5/2016,50,18,9,8,3, 
9/6/2016,54,17,14,7,1, 
9/7/2016,56,21,8,8,1, 
9/8/2016,62,27,13,9,1, 
9/9/2016,79,35,15,12,1, 
9/10/2016,62,26,14,9,1, 
9/11/2016,63,27,9,8, , 
9/12/2016,63,32,5,10,1, 
9/13/2016,67,32,8,11,1, 
9/14/2016,59,24,11,9,1, 
9/15/2016,77,32,13,10,1, 
9/16/2016,61,28,9,16,1, 
9/17/2016,65,18,13,10,1, 
9/18/2016,49,19,11,9, , 
9/19/2016,60,25,14,15, , 
9/20/2016,87,40,3,20,1, 
9/21/2016,84,29,7,15,1, 
9/22/2016,92,35,13,15, , 
9/23/2016,97,37,9,18,1, 
9/24/2016,88,38,18,15,1, 
9/25/2016,54,20,19,10,1, 
9/26/2016,52,29,18,11,1, 
9/27/2016,46,21,10,11,1, 
9/28/2016,54,22,18,9,1, 
9/29/2016,51,22,16,9,1, 
9/30/2016,49,21,15,11,1, 
3/31/2020, ,31,1,2, , 
12/31/2019, ,36,11,11, , 
12/31/2018, ,38,25,16, , 
10/7/2017, ,42,13,16,1, 
9/8/2017, ,19,7,7,1, 
1/1/2017, ,30,18,9, , 
7/1/2016, ,23,12,16,4,7
7/2/2016, ,24,14,14,5,8
7/3/2016, ,34,14,14,6,8
7/4/2016, ,38,25,16,8,10
7/5/2016, ,38,17,18,6,10
7/6/2016, ,25,11,17,7,9
7/7/2016, ,20,16,12,8,6
7/8/2016, ,19,24,15,4,7
7/9/2016, ,20,16,15,4,6
7/10/2016, ,21,15,10,5,5
7/11/2016, ,32,20,17,7,6
7/12/2016, ,39,26,14,2,7
7/13/2016, ,35,11,16,7,10
7/14/2016, ,32,25,11,4,7
7/15/2016, ,34,24,9,4,5
7/16/2016, ,32,31,11,3,5
7/17/2016, ,24,36,13,2,5
7/18/2016, ,24,32,13,2,5
7/19/2016, ,18,29,11,2,5
7/20/2016, ,17,30,11,3,5
7/21/2016, ,15,22,10,17,5
7/22/2016, ,18,25,13,9,4
7/23/2016, ,18,28,11,2,4
7/24/2016, ,21,19,14,8,5
7/25/2016, ,31,42,25,8,9
7/26/2016, ,21,28,17,2,6
7/27/2016, ,18,17,17,14,8
7/28/2016, ,21,28,17,5,6
7/29/2016, ,22,20,18,7,7
4/1/2016, ,54,35,10,3,7
4/2/2016, ,40,29,8,3,6
4/3/2016, ,33,31,9,11,6
4/4/2016, ,36,26,9,2,5
4/5/2016, ,32,40,7,2,6
4/6/2016, ,37,27,7,2,7
4/7/2016, ,37,30,7,1,7
4/8/2016, ,32,26,5,3,7
4/9/2016, ,26,34,5,2,7
4/10/2016, ,31,51,7,2,9
4/11/2016, ,44,49,8,3,9
4/12/2016, ,54,39,6,3,8
4/13/2016, ,57,43,5,2,7
4/14/2016, ,58,35,3,2,8
4/15/2016, ,50,36,5,2,9
4/16/2016, ,47,26,4,3,8
4/17/2016, ,42,21,6,3,7
4/18/2016, ,38,24,6,2,7
4/19/2016, ,31,20,6,4,6
4/20/2016, ,24,22,8,3,7
4/21/2016, ,28,39,7,3,9
4/22/2016, ,37,33,4,4,8
4/23/2016, ,36,38,4,5,7
4/24/2016, ,33,31,4,7,9
4/25/2016, ,32,34,5,6,8
4/26/2016, ,29,39,6,6,9
4/27/2016, ,35,32,5,6,9
4/28/2016, ,38,30,7,7,10
4/29/2016, ,34,24,12,6,9
4/30/2016, ,25,41,16,5,7
5/1/2016, ,25,27,5,6,9
5/2/2016, ,17,25,8,6,8
5/3/2016, ,17,22,6,8,10
5/4/2016, ,16,36,6,8,8
5/5/2016, ,17,30,5,8,8
5/6/2016, ,20,27,6,8,10
5/7/2016, ,14,24,2,7,8
5/8/2016, ,13,23,5,8,28
5/9/2016, ,12,21,7,6,25
5/10/2016, ,14,32,10,10,10
5/11/2016, ,19,35,8,9,11
5/12/2016, ,30,36,9,9,10
5/13/2016, ,26,81,13,9,10
5/14/2016, ,25,36,8,9,10
5/15/2016, ,17,17,37,17,16
5/16/2016, ,39,65,25,11,8
5/17/2016, ,32,40,13,2,7
5/18/2016, ,20,52,12,3,7
5/19/2016, ,22,43,14,2,6
5/20/2016, ,17,30,10,1,4
5/21/2016, ,13,26,10,1,5
5/22/2016, ,11,38,16,1,6
5/23/2016, ,20,47,14,4,6
5/24/2016, ,22,37,14,3,6
5/25/2016, ,25,43,13,3,5
5/26/2016, ,23,35,13,2,6
5/27/2016, ,25,38,12,2,5
5/28/2016, ,26,31,11,1,5
5/29/2016, ,28,26,13,1,5
5/30/2016, ,35,21,14,2,6
5/31/2016, ,24,7,14,3,6
6/1/2016, ,24,16,13,12,5
6/2/2016, ,21,16,11,1,5
6/3/2016, ,18,22,16,6,5
6/4/2016, ,24,31,13,2,5
6/5/2016, ,23,28,15,3,5
6/6/2016, ,28,31,12,5,4
6/7/2016, ,23,25,13,2,6
6/8/2016, ,25,20,12,2,4
6/9/2016, ,23,17,11,1,5
6/10/2016, ,23,16,10,6,5
6/11/2016, ,25,17,9,3,4
6/12/2016, ,21,17,10,2,3
6/13/2016, ,19,14,10,6,4
6/14/2016, ,16,12,10,5,4
6/15/2016, ,16,7,14,4,12
6/16/2016, ,19,8,16,5,8
6/17/2016, ,19,18,20,2,7
6/18/2016, ,25,30,13,3,7
6/19/2016, ,27,20,21,2,8
6/20/2016, ,30,25,21,1,8
6/21/2016, ,25,39,18,9,6
6/22/2016, ,19,15,18,4,7
6/23/2016, ,23,14,13,7,6
6/24/2016, ,18,18,9,4,4
6/25/2016, ,16,19,13,4,6
6/26/2016, ,18,15,20,7,7
6/27/2016, ,25,19,15,7,6
6/28/2016, ,21,22,16,3,6
6/29/2016, ,18,18,19,5,6
6/30/2016, ,22,10,14,5,6
1/4/2016, ,60,56,29,4,12
1/5/2016, ,54,50,31,3,12
1/6/2016, ,58,49,23,4,11
1/7/2016, ,55,19,31,3,13
1/8/2016, ,51,19,15,3,9
1/9/2016, ,32,32,10,2,5
1/10/2016, ,26,35,17,4,7
1/11/2016, ,35,31,21,3,10
1/12/2016, ,37,25,17,4,8
1/13/2016, ,35,23,12,3,7
1/14/2016, ,33,16,9,5,7
1/15/2016, ,19,15,11,3,7
1/16/2016, ,23,16,9,3,8
1/17/2016, ,17,22,13,3,8
1/18/2016, ,23,14,13,3,7
1/19/2016, ,19,19,14,3,6
1/20/2016, ,23,23,16,3,7
1/21/2016, ,32,28,17,5,6
1/22/2016, ,31,29,15,4,6
1/23/2016, ,34,21,15,7,8
1/24/2016, ,29,16,21,5,7
1/25/2016, ,32,34,18,5,7
1/26/2016, ,44,33,22,5,8
1/27/2016, ,40,50,34,6,13
1/28/2016, ,51,44,37,7,10
1/29/2016, ,61,37,18,6,10
1/30/2016, ,46,21,10,3,8
1/31/2016, ,26,33,16,5,9
2/1/2016, ,34,28,19,4,10
2/2/2016, ,39,41,24,6,13
2/3/2016, ,44,44,32,3,14
2/4/2016, ,59,45,37,2,15
2/5/2016, ,60,38,19,2,14
2/6/2016, ,52,50,16,3,6
2/7/2016, ,62,47,29,4,9
2/8/2016, ,70,52,43,4,12
2/9/2016, ,75,43,52,7,13
2/10/2016, ,80,41,29,5,13
2/11/2016, ,61,40,19,4,12
2/12/2016, ,53,26,17,3,10
2/13/2016, ,39,32,14,3,7
2/14/2016, ,35,34,13,3,6
2/15/2016, ,32,24,14,3,6
2/16/2016, ,30,49,17,3,9
2/17/2016, ,49,54,15,3,9
2/18/2016, ,57,37,15,3,10
2/19/2016, ,53,35,13,3,9
2/20/2016, ,52,38,9,2,9
2/21/2016, ,46,35,9,2,6
2/22/2016, ,49,37,11,3,7
2/23/2016, ,49,37,13,3,7
2/24/2016, ,51,45,17,3,9
2/25/2016, ,53,42,18,2,10
2/26/2016, ,52,52,25,3,10
2/27/2016, ,59,61,33,4,14
2/28/2016, ,68,62,27,3,11
2/29/2016, ,66,55,29,2,9
3/1/2016, ,65,74,32,6,11
3/2/2016, ,80,79,32,5,11
3/3/2016, ,80,47,12,2,9
3/4/2016, ,60,28,8,2,8
3/5/2016, ,43,29,8,2,7
3/6/2016, ,39,28,9,3,9
3/7/2016, ,45,30,9,2,10
3/8/2016, ,40,29,9,3,7
3/9/2016, ,39,29,11,2,8
3/10/2016, ,40,31,11,3,7
3/11/2016, ,35,27,8,2,5
3/12/2016, ,36,17,6,3,5
3/13/2016, ,24,22,9,5,6
3/14/2016, ,26,22,9,2,6
3/15/2016, ,30,29,9,4,7
3/16/2016, ,40,34,10,3,6
3/17/2016, ,37,27,9,4,7
3/18/2016, ,40,31,9,4,5
3/19/2016, ,43,31,7,4,5
3/20/2016, ,41,30,9,4,6
3/21/2016, ,35,34,9,3,6
3/22/2016, ,42,61,12,3,8
3/23/2016, ,60,96,17,3,8
3/24/2016, ,66,36,12,2,5
3/25/2016, ,52,61,12,4,7
3/26/2016, ,56,29,16,3,6
3/27/2016, ,44,58,21,3,13
3/28/2016, ,61,44,18,2,10
3/29/2016, ,56,40,16,2,8
3/30/2016, ,54,39,11,4,8
3/31/2016, ,60,39,9,2,8
10/1/2015, ,27,6,27,5,14
10/2/2015, ,28,7,28,5,11
10/3/2015, ,25,7,19,6,13
10/4/2015, ,20,7,12,4,10
10/5/2015, ,18,7,14,4,11
10/6/2015, ,21,19,17,5,13
10/7/2015, ,26,18,13,4,10
10/8/2015, ,21,5,15,5,12
10/9/2015, ,21,12,15,5,11
10/10/2015, ,24,15,13,5,11
10/11/2015, ,20,17,16,5,10
10/12/2015, ,20,22,19,6,10
10/13/2015, ,26,36,17,4,9
10/14/2015, ,29,34,19,5,10
10/15/2015, ,31,31,23,8,14
10/16/2015, ,33,36,28,7,16
10/17/2015, ,39,39,18,6,10
10/18/2015, ,38,32,22,7,14
10/19/2015, ,42,29,18,7,14
10/20/2015, ,42,34,18,11,12
10/21/2015, ,31,18,29,8,20
10/22/2015, ,37,31,35,7,17
10/23/2015, ,52,28,20,7,13
10/24/2015, ,50,45,18,4,9
10/25/2015, ,40,32,19,4,10
10/26/2015, ,43,23,21,4,12
10/27/2015, ,39,29,22,5,12
10/28/2015, ,39,24,29,4,16
10/29/2015, ,39,25,21,2,14
10/30/2015, ,35,24,18,5,10
10/31/2015, ,29,32,16,4,11
11/1/2015, ,28,25,17,4,10
11/2/2015, ,29,29,22,4,12
11/3/2015, ,34,40,26,5,13
11/4/2015, ,43,30,29,4,12
11/5/2015, ,41,25,31,7,28
11/6/2015, ,45,14,18,8,37
11/7/2015, ,19,16,18,3,9
11/8/2015, ,30,20,23,7,11
11/9/2015, ,29,19,22,5,12
11/10/2015, ,35,22,18,4,10
11/11/2015, ,31,23,22,5,12
11/12/2015, ,31,15,32,6,13
11/13/2015, ,38,14,30,7,16
11/14/2015, ,38,16,25,7,13
11/15/2015, ,42,15,30,6,13
11/16/2015, ,39,24,18,7,9
11/17/2015, ,28,30,20,5,11
11/18/2015, ,32,26,26,7,10
11/19/2015, ,46,18,27,5,12
11/20/2015, ,39,21,24,5,13
11/21/2015, ,40,28,17,7,9
11/22/2015, ,37,26,22,7,11
11/23/2015, ,41,28,24,4,11
11/24/2015, ,44,28,17,4,10
11/25/2015, ,36,29,17,5,9
11/26/2015, ,32,30,14,3,10
11/27/2015, ,27,31,22,7,10
11/28/2015, ,36,40,23,5,10
11/29/2015, ,43,34,29,4,12
11/30/2015, ,49,40,20,3,12
12/1/2015, ,47,31,12,3,9
12/2/2015, ,27,34,17,3,9
12/3/2015, ,27,29,25,3,10
12/4/2015, ,37,33,22,4,9
12/5/2015, ,40,30,13,4,7
12/6/2015, ,38,38,19,3,8
12/7/2015, ,37,41,27,4,12
12/8/2015, ,45,42,31,5,14
12/9/2015, ,53,76,34,5,12
12/10/2015, ,62,71,20,4,10
12/11/2015, ,52,26,15,3,8
12/12/2015, ,26,27,15,4,9
12/13/2015, ,27,59,28,6,13
12/14/2015, ,51,55,38,5,15
12/15/2015, ,76,35,23,2,11
12/16/2015, ,51,34,12,4,9
12/17/2015, ,33,34,23,2,9
12/18/2015, ,43,35,33,2,10
12/19/2015, ,52,43,31,3,9
12/20/2015, ,56,47,26,4,10
12/21/2015, ,59,35,24,3,9
12/22/2015, ,58,23,30,3,13
12/23/2015, ,60,40,18,4,8
12/24/2015, ,46,29,16,5,10
12/25/2015, ,35,37,19,4,10
12/26/2015, ,40,38,22,4,10
12/27/2015, ,43,31,21,3,12
12/28/2015, ,50,32,22,3,12
12/29/2015, ,44,32,22,2,12
12/30/2015, ,46, , , , 
1/3/2016, ,44,66,34,5,12
7/1/2015, ,22,21,8,7,7
7/2/2015, ,25,20,7,9,6
7/3/2015, ,24,21,7,11,6
7/4/2015, ,32,23,6,5,5
7/5/2015, ,20,25,8,4,6
7/6/2015, ,23,23,8,4,7
7/7/2015, ,39,20,9,5,8
7/8/2015, ,47,14,8,6,7
7/9/2015, ,53,18,8,5,6
7/10/2015, ,47,24,7,10,5
7/11/2015, ,37,26,7,4,5
7/12/2015, ,18,27,7,5,6
7/13/2015, ,27,19,7,5,6
7/14/2015, ,31,17,7,3,7
7/15/2015, ,21,16,6,10,4
7/16/2015, ,15,13,7,3,5
7/17/2015, ,16,14,5,2,4
7/18/2015, ,14,13,6,4,5
7/19/2015, ,15,11,6,3,5
7/20/2015, ,17,17,6,7,4
7/21/2015, ,16,19,8,3,5
7/22/2015, ,20,23,7,3,5
7/23/2015, ,18,32,9,6,5
7/24/2015, ,24,29,8,3,4
7/25/2015, ,29,18,6,3,4
7/26/2015, ,28,12,9,3,7
7/27/2015, ,29,12,7,7,7
7/28/2015, ,24,14,11,3,7
7/29/2015, ,22,19,10,3,5
7/30/2015, ,22,18,9,2,4
7/31/2015, ,19,19,11,3,5
8/1/2015, ,17,11,9,2,6
8/2/2015, ,19,12,11,4,7
8/3/2015, ,23,20,10,3,7
8/4/2015, ,23,26,11,3,5
8/5/2015, ,19,23,11,3,8
8/6/2015, ,17,31,14,3,6
8/7/2015, ,23,25,12,3,5
8/8/2015, ,19,28,11,2,8
8/9/2015, ,21,28,13,3,8
8/10/2015, ,23,30,13,2,6
8/11/2015, ,22,21,11,2,7
8/12/2015, ,26,19,17,3,9
8/13/2015, ,27,37,14,4,7
8/14/2015, ,24,24,12,3,6
8/15/2015, ,22,33,10,3,7
8/16/2015, ,26,24,10,3,7
8/17/2015, ,23,19,12,3,7
8/18/2015, ,23,18,9,4,7
8/19/2015, ,20,27,10,4,8
8/20/2015, ,19,18,12,3,7
8/21/2015, ,16,21,10,4,6
8/22/2015, ,14,21,11,4,6
8/23/2015, ,16,19,10,4,7
8/24/2015, ,17,18,9,3,6
8/25/2015, ,17,19,11,4,7
8/26/2015, ,16,22,12,3,7
8/27/2015, ,18,21,13,3,7
8/28/2015, ,21,22,12,3,6
8/29/2015, ,17,23,9,3,6
8/30/2015, ,16,22,11,3,7
8/31/2015, ,18,15,12,4,8
9/1/2015, ,16,22,11,3,8
9/2/2015, ,15,30,13,3,9
9/3/2015, ,20,31,17,4,11
9/4/2015, ,23,23,15,3,9
9/5/2015, ,20,27,12,4,9
9/6/2015, ,15,17,11,3,10
9/7/2015, ,14,16,10,4,8
9/8/2015, ,14,23,12,4,9
9/9/2015, ,15,10,20,4,11
9/10/2015, ,22,13,19,4,12
9/11/2015, ,21,22,14,5,11
9/12/2015, ,22,20,11,3,9
9/13/2015, ,19,13,10,4,9
9/14/2015, ,14,7,13,4,11
9/15/2015, ,19,17,13,4,11
9/16/2015, ,14,7,15,4,11
9/17/2015, ,16,14,10,4,10
9/18/2015, ,16,38,17,4,10
9/19/2015, ,25,34,25,4,14
9/20/2015, ,56,27,20,4,12
9/21/2015, ,53,17,13,6,8
9/22/2015, ,30,12,14,6,10
9/23/2015, ,22,16,11,5,8
9/24/2015, ,17,19,13,11,9
9/25/2015, ,16,18,15,6,7
9/26/2015, ,15,28,13,7,6
9/27/2015, ,19,23,16,14,9
9/28/2015, ,19,24,20,5,10
9/29/2015, ,23,34,24,3,10
9/30/2015, ,32,17,25,6,10
4/1/2015, ,34,44,12,5,11
4/2/2015, ,38,47,17,5,10
4/3/2015, ,41,36,13,3,10
4/4/2015, ,49,26,8,3,10
4/5/2015, ,45,24,10,6,10
4/6/2015, ,32,26,11,4,11
4/7/2015, ,35,16,25,12,16
4/8/2015, ,37,22,25,14,19
4/9/2015, ,48,26,15,8,23
4/10/2015, ,32,22,15,5,22
4/11/2015, ,31,35,16,8,21
4/12/2015, ,30,31,28,10,29
4/13/2015, ,46,52,23,11,16
4/14/2015, ,52,61,23,6,18
4/15/2015, ,63,47,16,6,17
4/16/2015, ,58,26,11,8,15
4/17/2015, ,48,21,9,6,14
4/18/2015, ,38,24,9,6,14
4/19/2015, ,27,30,13,5,16
4/20/2015, ,30,45,15,10,17
4/21/2015, ,37,64,17,7,16
4/22/2015, ,39,36,20,7,16
4/23/2015, ,38,64,34,8,18
4/24/2015, ,39,29,36,8,19
4/25/2015, ,45,57,28,6,18
4/26/2015, ,46,42,28,6,16
4/27/2015, ,37,27,16,7,17
4/28/2015, ,38,25,15,5,16
4/29/2015, ,28,34,16,8,19
4/30/2015, ,29,30,13,6,18
5/1/2015, ,33,29,13,9,18
5/2/2015, ,27,28,12,7,18
5/3/2015, ,31,15,14,10,19
5/4/2015, ,34,16,16,7,18
5/5/2015, ,34,22,16,9,19
5/6/2015, ,31,23,12,7,18
5/7/2015, ,23,23,13,9,16
5/8/2015, ,25,29,10,5,10
5/9/2015, ,26,30,8,8,10
5/10/2015, ,29,20,10,11,12
5/11/2015, ,24,17,8,11,13
5/12/2015, ,25,11,11,12,11
5/13/2015, ,23,18,12,6,10
5/14/2015, ,22,32,17,5,14
5/15/2015, ,20,19,13,9,16
5/16/2015, ,18,24,11,6,8
5/17/2015, ,19,29,12,7,9
5/18/2015, ,17,29,11,3,10
5/19/2015, ,19,24,12,4,10
5/20/2015, ,18,19,11,4,9
5/21/2015, ,16,15,9,11,12
5/22/2015, ,14,21,10,6,15
5/23/2015, ,16,24,10,6,9
5/24/2015, ,21,36,11,6,11
5/25/2015, ,22,23,12,4,10
5/26/2015, ,25,35,14,12,13
5/27/2015, ,25,27,12,6,16
5/28/2015, ,21,24,10,6,17
5/29/2015, ,20,37,11,4,18
5/30/2015, ,21,26,8,9,18
5/31/2015, ,22,31,7,5,15
6/1/2015, ,18,31,10,4,11
6/2/2015, ,23,17,18,6,7
6/3/2015, ,27,16,9,5,6
6/4/2015, ,20,29,12,4,9
6/5/2015, ,24,46,12,9,8
6/6/2015, ,24,33,10,9,7
6/7/2015, ,19,25,15,11,9
6/8/2015, ,22,24,13,7,10
6/9/2015, ,21,28,12,6,10
6/10/2015, ,20,23,9,10,10
6/11/2015, ,20,23,11,12,10
6/12/2015, ,19,25,13,8,8
6/13/2015, ,22,25,9,4,9
6/14/2015, ,20,23,10,8,9
6/15/2015, ,22,10,8,5,10
6/16/2015, ,22,14,12,8,9
6/17/2015, ,18,21,13,6,10
6/18/2015, ,19,27,13,10,9
6/19/2015, ,26,24,13,12,7
6/20/2015, ,23,22,8,6,5
6/21/2015, ,19,17,8,6,7
6/22/2015, ,27,16,9,6,9
6/23/2015, ,27,16,7,5,8
6/24/2015, ,21,17,7,4,6
6/25/2015, ,15,21,9,4,4
6/26/2015, ,18,18,9,4,4
6/27/2015, ,15,18,7,5,5
6/28/2015, ,17,32,9,5,8
6/29/2015, ,20,21,11,8,7
6/30/2015, ,22,24,7,6,6
1/1/2015, ,46,57,24,3,8
1/2/2015, ,42,56,35,4,10
1/3/2015, ,56,72,39,5,13
1/4/2015, ,59,73,53,5,14
1/5/2015, ,66,50,36,5,12
1/6/2015, ,61,27,28,4,9
1/7/2015, ,48,16,21,1,11
1/8/2015, ,35,36,19,2,9
1/9/2015, ,43,21,26,2,12
1/10/2015, ,48,33,16,2,14
1/11/2015, ,54,25,24,3,15
1/12/2015, ,49,39,29,3,13
1/13/2015, ,50,42,35,3,15
1/14/2015, ,55,46,39,4,14
1/15/2015, ,65,53,46,3,17
1/16/2015, ,72,45,26,1,11
1/17/2015, ,64,51,31,2,14
1/18/2015, ,67,43,28,1,14
1/19/2015, ,62,53,34,3,15
1/20/2015, ,63,50,51,3,17
1/21/2015, ,71,52,62,9,21
1/22/2015, ,78,56,45,8,14
1/23/2015, ,79,45,28,34,10
1/24/2015, ,60,53,22,26,9
1/25/2015, ,59,46,24,3,10
1/26/2015, ,56,75,31,5,13
1/27/2015, ,59,57,25,6,11
1/28/2015, ,68,53,21,4,11
1/29/2015, ,62,43,20,7,9
1/30/2015, ,58,28,21,3,12
1/31/2015, ,54,39,29,2,14
2/1/2015, ,60,39,32,3,16
2/2/2015, ,63,38,37,4,16
2/3/2015, ,57,45,40,5,19
2/4/2015, ,61,44,30,4,13
2/5/2015, ,56,49,25,4,14
2/6/2015, ,63,66,31,3,18
2/7/2015, ,64,61,30,7,17
2/8/2015, ,66,40,32,3,15
2/9/2015, ,65,53,39,6,15
2/10/2015, ,62,61,42,7,19
2/11/2015, ,76,35,15,3,14
2/12/2015, ,63,36,12,2,13
2/13/2015, ,54,38,13,2,10
2/14/2015, ,48,31,15,2,10
2/15/2015, ,49,32,15,2,12
2/16/2015, ,47,32,16,2,15
2/17/2015, ,42,25,15,6,8
2/18/2015, ,42,21,17,2,10
2/19/2015, ,35,23,20,5,10
2/20/2015, ,37,15,15,3,7
2/21/2015, ,28,21,13,4,13
2/22/2015, ,25,21,17,3,10
2/23/2015, ,26,28,19,4,12
2/24/2015, ,33,24,16,5,9
2/25/2015, ,33,27,19,5,11
2/26/2015, ,27,27,20,4,8
2/27/2015, ,30,28,22,6,8
2/28/2015, ,32,21,24,4,13
3/1/2015, ,25,9,25,7,13
3/2/2015, ,27,17,14,3,9
3/3/2015, ,35,24,10,4,8
3/4/2015, ,35,25,12,4,9
3/5/2015, ,41,21,10,3,9
3/6/2015, ,38,23,10,3,8
3/7/2015, ,33,18,10,6,7
3/8/2015, ,26,25,11,3,9
3/9/2015, ,25,31,9,6,10
3/10/2015, ,28,25,12,3,10
3/11/2015, ,33,30,15,2,9
3/12/2015, ,36,32,12,2,9
3/13/2015, ,41, , , , 
3/16/2015, ,32,27,12,2,10
3/17/2015, ,35,25,11,3,10
3/18/2015, ,38,30,11,4,12
3/19/2015, ,32,34,10,3,13
3/20/2015, ,36,22,10,3,11
3/21/2015, ,41,35,14,3,12
3/22/2015, ,36,27,13,4,11
3/23/2015, ,37,24,27,5,14
3/24/2015, ,39,65,20,5,12
3/25/2015, ,55,42,27,5,16
3/26/2015, ,46,46,27,4,14
3/27/2015, ,54,59,32,4,15
3/28/2015, ,55,55,21,4,12
3/29/2015, ,43,23,13,3,12
3/30/2015, ,35,22,10,3,11
3/31/2015, ,32,31,10,4,11
10/1/2014, ,32,18,27,15,8
10/2/2014, ,26,36,35,14,12
10/3/2014, ,28,26,37,11,15
10/4/2014, ,44,22,22,15,14
10/5/2014, ,33,14,24,16,13
10/6/2014, ,22,25,17,13,12
10/7/2014, ,23,14,20,2,9
10/8/2014, ,29,21,29,2,11
10/9/2014, ,21,23,18,9,8
10/10/2014, ,31,16,14,1,9
10/11/2014, ,17,30,25,2,11
10/12/2014, ,27,36,29,8,15
10/13/2014, ,57,36,26,2,12
10/14/2014, ,54,49,29,2,12
10/15/2014, ,58,67,34,2,13
10/16/2014, ,69,49,31,2,14
10/17/2014, ,69,43,29,1,14
10/18/2014, ,53,25,19,1,9
10/19/2014, ,41,20,19,2,10
10/20/2014, ,28,23,29,2,14
10/21/2014, ,25,18,30,3,14
10/22/2014, ,38,17,21,6,9
10/23/2014, ,38,10,27,2,11
10/24/2014, ,30,16,24,5,10
10/25/2014, ,29,24,20,7,7
10/26/2014, ,21,24,27,3,13
10/27/2014, ,30,36,26,2,10
10/28/2014, ,28,21,28,2,11
10/29/2014, ,29,37,39,4,15
10/30/2014, ,34,30,32,8,14
10/31/2014, ,51,19,23,3,11
11/1/2014, ,34,23,25,1,11
11/2/2014, ,28,21,21,5,9
11/3/2014, ,27,13,23,2,14
11/4/2014, ,28,16,27,3,14
11/5/2014, ,27,22,25,3,14
11/6/2014, ,47,17,31,3,16
11/7/2014, ,38,18,27,7,11
11/8/2014, ,37,23,23,12,16
11/9/2014, ,43,31,26,2,14
11/10/2014, ,41,40,36,4,13
11/11/2014, ,44,33,35,3,11
11/12/2014, ,54,29,25,2,10
11/13/2014, ,44,30,23,2,11
11/14/2014, ,26,40,30,5,12
11/15/2014, ,39,33,29,5,10
11/16/2014, ,44,32,28,2,12
11/17/2014, ,43,37,19,6,9
11/18/2014, ,39,53,25,2,10
11/19/2014, ,43,49,36,2,11
11/20/2014, ,55,49,35,3,11
11/21/2014, ,61,43,33,4,10
11/22/2014, ,59,39,36,3,10
11/23/2014, ,59,42,35,4,12
11/24/2014, ,55,46,33,3,11
11/25/2014, ,60,54,36,3,9
11/26/2014, ,60,35,34,3,7
11/27/2014, ,53,20,45,4,18
11/28/2014, ,46,35,50,4,20
11/29/2014, ,70, , , , 
12/1/2014, ,51,10,36,3,12
12/2/2014, ,37,25,32,2,15
12/3/2014, ,34,27,38,3,15
12/4/2014, ,43,13,27,2,11
12/5/2014, ,37,27,35,3,11
12/6/2014, ,35,34,37,2,13
12/7/2014, ,44,23,35,2,12
12/8/2014, ,48,38,33,2,12
12/9/2014, ,37,40,29,1,12
12/10/2014, ,43,33,32,2,10
12/11/2014, ,41,44,27,2,11
12/12/2014, ,44,29,31,2,10
12/13/2014, ,46,50,35,2,10
12/14/2014, ,48,51,42,4,13
12/15/2014, ,58,32,36,5,10
12/16/2014, ,62,36,20,4,8
12/17/2014, ,52,45,32,5,14
12/18/2014, ,55,42,40,5,14
12/19/2014, ,60,44,40,4,14
12/20/2014, ,68,35,33,3,14
12/21/2014, ,63,50,26,6,11
12/22/2014, ,54,49,39,5,12
12/23/2014, ,65,44,38,7,10
12/24/2014, ,70,48,29,5,10
12/25/2014, ,63,45,35,5,11
12/26/2014, ,58,31,37,4,14
12/27/2014, ,55,27,21,3,10
12/28/2014, ,40, , , , 
7/1/2014, ,37,22,17,3,7
7/2/2014, ,35,23,17,3,7
7/3/2014, ,30,25,16,2,6
7/4/2014, ,26,19,15,3,5
7/5/2014, ,23,20,13,2,6
7/6/2014, ,22,17,14,5,6
7/7/2014, ,18,12,13,3,7
7/8/2014, ,18,13,15,3,5
7/9/2014, ,17,11,15,3,6
7/10/2014, ,17,15,12,4,6
7/11/2014, ,24,15,11,3,5
7/12/2014, ,26,25,14,2,6
7/13/2014, ,21,13,21,4,8
7/14/2014, ,22,14,18,3,7
7/15/2014, ,25,20,21,4,8
7/16/2014, ,24,18,16,3,7
7/17/2014, ,23,13,17,3,7
7/18/2014, ,21,9,15,2,7
7/19/2014, ,21,12,15,2,7
7/20/2014, ,27,16,18,3,7
7/21/2014, ,38,18,18,3,6
7/22/2014, ,33,24,19,4,7
7/23/2014, ,24,15,18,3,7
7/24/2014, ,26,14,19,3,7
7/25/2014, ,30,14,19,3,6
7/26/2014, ,33,16,18,4,7
7/27/2014, ,25,8,20,5,9
7/28/2014, ,25,17,20,8,10
7/29/2014, ,34,20,18,8,10
7/30/2014, ,41,14,18,11,11
7/31/2014, ,43,16,17,7,9
8/1/2014, ,42,10,16,10,8
8/2/2014, ,39,11,13,5,8
8/3/2014, ,39,10,14,10,9
8/4/2014, ,34,10,14,6,7
8/5/2014, ,26,12,13,6,8
8/6/2014, ,25,10,12,6,7
8/7/2014, ,27,14,11,4,7
8/8/2014, ,23,15,12,11,6
8/9/2014, ,21,13,11,7,7
8/10/2014, ,23,18,11,9,7
8/11/2014, ,21,17,11,4,6
8/12/2014, ,26,17,11,6,6
8/13/2014, ,24,12,13,5,7
8/14/2014, ,22,11,13,5,7
8/15/2014, ,24,19,18,10,8
8/16/2014, ,31,5,13,7,6
8/17/2014, ,31,24,21,3,8
8/18/2014, ,21,20,18,3,6
8/19/2014, ,25,17,23,3,7
8/20/2014, ,28,16,20,3,7
8/21/2014, ,26,15,25,5,10
8/22/2014, ,28,16,24,5,7
8/23/2014, ,39,21,16,2,6
8/24/2014, ,32,20,19,9,7
8/25/2014, ,25,19,17,12,7
8/26/2014, ,31,34,22,11,9
8/27/2014, ,25,20,17,13,8
8/28/2014, ,27,16,14,6,7
8/29/2014, ,22,13,16,4,7
8/30/2014, ,24,11,13,12,7
8/31/2014, ,21,13,12,15,8
9/1/2014, ,21,10,13,10,7
9/2/2014, ,21,11,16,5,9
9/3/2014, ,24,15,15,8,8
9/4/2014, ,29,15,14,7,7
9/5/2014, ,24,19,14,2,5
9/6/2014, ,22,17,14,2,5
9/7/2014, ,21,18,13,6,7
9/8/2014, ,21,23,15,2,6
9/9/2014, ,20,18,16,5,7
9/10/2014, ,21,21,20,3,8
9/11/2014, ,23,17,18,3,6
9/12/2014, ,26,19,15,2,7
9/13/2014, ,26,21,13,3,5
9/14/2014, ,25,17,15,7,6
9/15/2014, ,25,13,21,4,8
9/16/2014, ,29,15,15,15,14
9/17/2014, ,22,11,15,3,5
9/18/2014, ,17,15,19,3,7
9/19/2014, ,22,29,19,3,6
9/20/2014, ,24,29,15,2,4
9/21/2014, ,24,21,19,3,7
9/22/2014, ,25,20,16,3,5
9/23/2014, ,30,15,21,7,8
9/24/2014, ,27,21,28,7,11
9/25/2014, ,27,30,21,5,7
9/26/2014, ,28,31,25,3,7
9/27/2014, ,28,4,18,10,9
9/28/2014, ,18,28,35,4,8
9/29/2014, ,32,21,32,5,9
9/30/2014, ,26,45,31,5,11
4/1/2014, ,30,23,15,2,7
4/2/2014, ,38,23,12,3,7
4/3/2014, ,39,25,14,3,7
4/4/2014, ,36,43,21,3,7
4/5/2014, ,47,34,18,4,6
4/6/2014, ,48,35,12,2,5
4/7/2014, ,34,66,20,3,7
4/8/2014, ,46,65,25,3,8
4/9/2014, ,62,44,24,3,9
4/10/2014, ,67,29,25,3,9
4/11/2014, ,66,46,25,5,9
4/12/2014, ,65,47,23,4,9
4/13/2014, ,61,43,19,3,8
4/14/2014, ,57,58,21,2,8
4/15/2014, ,42,32,16,3,7
4/16/2014, ,41,31,18,3,7
4/17/2014, ,36,25,16,5,7
4/18/2014, ,37,20,18,3,6
4/19/2014, ,34,24,15,10,6
4/20/2014, ,27,23,16,9,6
4/21/2014, ,28,26,15,7,6
4/22/2014, ,27,28,17,4,8
4/23/2014, ,33,18,17,4,7
4/24/2014, ,38,22,18,4,7
4/25/2014, ,34,17,19,4,6
4/26/2014, ,34,22,13,4,5
4/27/2014, ,30,18,23,4,7
4/28/2014, ,28,17,22,9,8
4/29/2014, ,33,22,20,3,6
4/30/2014, ,31,19,12,3,6
5/1/2014, ,32,29,21,3,8
5/2/2014, ,35,21,15,3,5
5/3/2014, ,37,31,21,4,7
5/4/2014, ,26,22,19,4,8
5/5/2014, ,21,32,24,3,9
5/6/2014, ,34,27,27,12,10
5/7/2014, ,33,23,23,3,9
5/8/2014, ,41,19,10,2,5
5/9/2014, ,32,33,12,2,6
5/10/2014, ,34,27,15,2,7
5/11/2014, ,33,34,13,3,6
5/12/2014, ,22,24,13,3,5
5/13/2014, ,20,32,18,3,7
5/14/2014, ,22,35,16,3,5
5/15/2014, ,20,33,17,3,6
5/16/2014, ,20,28,15,3,6
5/17/2014, ,27,13,19,2,7
5/18/2014, ,26,32,19,3,8
5/19/2014, ,24,38,17,4,7
5/20/2014, ,26,36,16,3,6
5/21/2014, ,23,18,15,3,6
5/22/2014, ,25,16,14,2,5
5/23/2014, ,25,36,19,3,6
5/24/2014, ,24,24,22,3,7
5/25/2014, ,28,34,27,3,8
5/26/2014, ,35,15,19,4,7
5/27/2014, ,39,25,22,2,7
5/28/2014, ,27,35,20,3,6
5/29/2014, ,27,43,18,4,7
5/30/2014, ,27,40,16,3,6
5/31/2014, ,23,18,16,2,7
6/1/2014, ,25,34,18,2,7
6/2/2014, ,19,37,15,2,6
6/3/2014, ,21,24,17,2,7
6/4/2014, ,22,10,17,2,7
6/5/2014, ,25,15,18,2,6
6/6/2014, ,24,15,15,2,6
6/7/2014, ,22,10,14,3,7
6/8/2014, ,25,12,14,4,7
6/9/2014, ,23,12,15,5,6
6/10/2014, ,27,9,13,2,6
6/11/2014, ,27,15,15,2,6
6/12/2014, ,24,16,16,2,5
6/13/2014, ,23,14,13,4,4
6/14/2014, ,19,13,11,4,5
6/15/2014, ,21,15,12,3,5
6/16/2014, ,31,19,16,2,5
6/17/2014, ,28,11,15,2,6
6/18/2014, ,31,15,14,3,5
6/19/2014, ,38,15,16,3,5
6/20/2014, ,45,10,18,3,6
6/21/2014, ,53,13,16,3,6
6/22/2014, ,54,16,19,2,7
6/23/2014, ,38,17,17,3,6
6/24/2014, ,31,9,14,2,6
6/25/2014, ,26,6,13,2,7
6/26/2014, ,31,9,21,3,12
6/27/2014, ,40,13,16,3,7
6/28/2014, ,40,14,12,3,7
6/29/2014, ,38,14,19,2,7
6/30/2014, ,41,11,17,2,7
1/1/2014, ,84,90,48,5,16
1/2/2014, ,84,119,63,7,14
1/3/2014, ,103,95,57,7,13
1/4/2014, ,101,52,34,1, 
1/5/2014, ,95,69,52,6,14
1/6/2014, ,78,61,46,9,11
1/7/2014, ,88,64,55,8,14
1/8/2014, ,79,36,47,5,11
1/9/2014, ,95,38,33,2,9
1/10/2014, ,67,48,33,2,11
1/11/2014, ,67,49,30,3,14
1/12/2014, ,64,40,24,2,6
1/13/2014, ,60,44,23,1,9
1/14/2014, ,54,46,28,2,7
1/15/2014, ,59,49,38,3,9
1/16/2014, ,65,50,43,4,14
1/17/2014, ,72,44,25,1,9
1/18/2014, ,65,69,23,1,10
1/19/2014, ,69,68,39,5,12
1/20/2014, ,81,27,37,2,11
1/21/2014, ,79,62,18,5,12
1/22/2014, ,80,58,45,4,15
1/23/2014, ,95,79,47,8,18
1/24/2014, ,92,4,72,11,27
1/25/2014, ,107, , , , 
1/27/2014, ,128,57,42,4,13
1/28/2014, ,94,49,52,6,14
1/29/2014, ,74,43,48,6,15
1/30/2014, ,81,44,31,7,12
1/31/2014, ,72,48,31,6,13
2/1/2014, ,64,49,29,5,9
2/2/2014, ,59,66,37,7,10
2/3/2014, ,59,32,21,6,9
2/4/2014, ,64,32,25,3,8
2/5/2014, ,55,35,26,4,8
2/6/2014, ,52,23,20,2,7
2/7/2014, ,45,21,17,4,7
2/8/2014, ,40,42,20,3,7
2/9/2014, ,37,46,33,6,9
2/10/2014, ,45,21,22,4,8
2/11/2014, ,55,22,20,3,7
2/12/2014, ,41,20,22,4,7
2/13/2014, ,44,31,22,3,7
2/14/2014, ,46,17,19,2,4
2/15/2014, ,42,32,20,2,8
2/16/2014, ,42,34,22,2,8
2/17/2014, ,49,31,25,3,8
2/18/2014, ,50,35,23,4,8
2/19/2014, ,52,37,22,5,11
2/20/2014, ,56,37,32,3,13
2/21/2014, ,65,71,39,4,15
2/22/2014, ,75,53,22,2,10
2/23/2014, ,56,44,23,3,9
2/24/2014, ,50,38,26,4,8
2/25/2014, ,49,37,24,4,9
2/26/2014, ,52,33,23,2,8
2/27/2014, ,52,30,26,3,8
2/28/2014, ,48,32,22,3,7
3/1/2014, ,44,38,19,3,7
3/2/2014, ,45,37,24,5,9
3/3/2014, ,46,45,16,3,7
3/4/2014, ,50,39,21,4,7
3/5/2014, ,49,36,18,3,6
3/6/2014, ,51,34,18,3,5
3/7/2014, ,46,34,18,3,6
3/8/2014, ,44,28,16,3,6
3/9/2014, ,46,30,19,3,7
3/10/2014, ,46,34,21,4,7
3/11/2014, ,41,30,17,4,6
3/12/2014, ,42,26,20,3,9
3/13/2014, ,48,31,23,5,8
3/14/2014, ,50,32,22,2,9
3/15/2014, ,43,4,22,6,6
3/16/2014, ,43,48,14,3,11
3/17/2014, ,53,26,14,3,8
3/18/2014, ,41,17,19,3,8
3/19/2014, ,34,32,23,3,8
3/20/2014, ,45,42,23,5,9
3/21/2014, ,52,12,23,3,8
3/22/2014, ,55,55,28,4,11
3/23/2014, ,54,51,28,2,10
3/24/2014, ,58,41,23,2,8
3/25/2014, ,51,35,23,3,8
3/26/2014, ,42,25,27,3,8
3/27/2014, ,42,21,29,2,8
3/28/2014, ,46,24,26,3,8
3/29/2014, ,46,14,16,2,6
3/30/2014, ,33,9,18,3,6
3/31/2014, ,21,16,17,2,7
1/2/2016, , ,63,27,3,12
12/31/2014, , ,38,23,3,8
3/15/2015, , ,23,13,3,9
11/30/2014, , ,40,36,4,11
12/31/2013, , ,68,33,3,7
1/26/2014, , ,54,53,6,18
1/1/2016, , , ,23, ,8
